doc_id,event_id,ann_type,ss-id,source_sent,target_sent,source_span,unsupervised_span,silver_span,sup_span,sup_span_tok,sup_span_start_tok,sup_span_end_tok,sup_span_start,sup_span_end,src_token_start_end
016ce246-c9ea-5a85-8e8d-8cff53befffb+2,event-6,anchor,ss-20,"More than 100 demonstrators gathered at the Mendiola Peace Arch , near Malacanang Palace , where they performed stage plays portraying the procession and crucifixion of Jesus Christ to protest President Rodrigo Duterte &apos;s policies , including his support for death penalty , Efe news reported .",بیش از ۱۰۰ تظاهرات کننده در طاق صلح ماندولا در نزدیکی کاخ مالاکاناگانگ گرد هم آمدند ، جایی که نمایش های صحنه ای مراسم و مصلوب شدن عیسی مسیح را در اعتراض به سیاست های رئیس جمهور رودریگو دوترته ، از جمله حمایت او از مجازات اعدام ، به تصویر کشیدند .,demonstrators,تظاهرات,تظاهرات‌کننده,تظاهرات کننده,"['تظاهرات', 'کننده']",3,4,11,24,"[3, 3]"
02b07905-fc8e-5aae-a233-741242b2f0ab+10,event-19,agent,ss-16,&quot; The Force Major Investigation Team carried out a full and thorough investigation into the death of Kevin Rogers and both the constabulary and the Crown Prosecution Service felt it was the correct decision to prosecute Susan Kenny with Mr Rogers &apos; murder .,تیم تحقیق اصلی نیرو تحقیقات کامل و جامعی را در مورد مرگ کوین راجرز انجام داد و دادگاه و سرویس دادستانی کل احساس کردند که این تصمیم درستی برای تعقیب سوزان کنی به اتهام قتل آقای راجرز است .,The Force Major Investigation Team,تیم,تیم تحقیق اصلی نیرو,تیم تحقیق اصلی نیرو,"['تیم', 'تحقیق', 'اصلی', 'نیرو']",0,3,0,19,"[1, 5]"
02b07905-fc8e-5aae-a233-741242b2f0ab+10,event-16,agent,ss-17,&quot; The Force Major Investigation Team carried out a full and thorough investigation into the death of Kevin Rogers and both the constabulary and the Crown Prosecution Service felt it was the correct decision to prosecute Susan Kenny with Mr Rogers &apos; murder .,تیم تحقیق اصلی نیرو تحقیقات کامل و جامعی را در مورد مرگ کوین راجرز انجام داد و دادگاه و سرویس دادستانی کل احساس کردند که این تصمیم درستی برای تعقیب سوزان کنی به اتهام قتل آقای راجرز است .,the Crown Prosecution Service,در مورد,سرویس دادستانی کل,سرویس دادستانی کل,"['سرویس', 'دادستانی', 'کل']",19,21,88,105,"[24, 27]"
02b07905-fc8e-5aae-a233-741242b2f0ab+10,event-16,patient,ss-3,&quot; The Force Major Investigation Team carried out a full and thorough investigation into the death of Kevin Rogers and both the constabulary and the Crown Prosecution Service felt it was the correct decision to prosecute Susan Kenny with Mr Rogers &apos; murder .,تیم تحقیق اصلی نیرو تحقیقات کامل و جامعی را در مورد مرگ کوین راجرز انجام داد و دادگاه و سرویس دادستانی کل احساس کردند که این تصمیم درستی برای تعقیب سوزان کنی به اتهام قتل آقای راجرز است .,Susan Kenny,سوزان کنی,کنی,سوزان کنی,"['سوزان', 'کنی']",30,31,148,157,"[36, 37]"
02b07905-fc8e-5aae-a233-741242b2f0ab+10,event-26,agent,ss-3,&quot; The Force Major Investigation Team carried out a full and thorough investigation into the death of Kevin Rogers and both the constabulary and the Crown Prosecution Service felt it was the correct decision to prosecute Susan Kenny with Mr Rogers &apos; murder .,تیم تحقیق اصلی نیرو تحقیقات کامل و جامعی را در مورد مرگ کوین راجرز انجام داد و دادگاه و سرویس دادستانی کل احساس کردند که این تصمیم درستی برای تعقیب سوزان کنی به اتهام قتل آقای راجرز است .,Susan Kenny,سوزان کنی,کنی,سوزان کنی,"['سوزان', 'کنی']",30,31,148,157,"[36, 37]"
02cacfd9-7d50-59ac-beb6-d9750e03a574+3,event-2,agent,ss-5,Earlier Abkhaz officials threatened that their forces would fire on the demonstrators if they crossed a river into Abkhaz territory .,مقامات آذربایجانی پیش از این تهدید کرده بودند که اگر آن ها از رودخانه ای به قلمرو آبخاز عبور کنند ، نیروهای خود را به سمت تظاهرکنندگان شلیک خواهند کرد .,Abkhaz officials,مقامات,مقامات آذربایجانی,مقامات آذربایجانی,"['مقامات', 'آذربایجانی']",0,1,0,17,"[1, 2]"
02cacfd9-7d50-59ac-beb6-d9750e03a574+3,event-38,agent,ss-6,Earlier Abkhaz officials threatened that their forces would fire on the demonstrators if they crossed a river into Abkhaz territory .,مقامات آذربایجانی پیش از این تهدید کرده بودند که اگر آن ها از رودخانه ای به قلمرو آبخاز عبور کنند ، نیروهای خود را به سمت تظاهرکنندگان شلیک خواهند کرد .,their forces,نیروهای,نیروهای خود,نیروهای خود,"['نیروهای', 'خود']",21,22,100,111,"[5, 6]"
02cacfd9-7d50-59ac-beb6-d9750e03a574+3,event-38,anchor,ss-65,Earlier Abkhaz officials threatened that their forces would fire on the demonstrators if they crossed a river into Abkhaz territory .,مقامات آذربایجانی پیش از این تهدید کرده بودند که اگر آن ها از رودخانه ای به قلمرو آبخاز عبور کنند ، نیروهای خود را به سمت تظاهرکنندگان شلیک خواهند کرد .,fire on,سمت,به سمت تظاهرکنندگان شلیک,به سمت شلیک خواهند کرد,"['به', 'سمت', 'شلیک', 'خواهند', 'کرد']",24,29,115,150,"[8, 9]"
02cacfd9-7d50-59ac-beb6-d9750e03a574+3,event-13,agent,ss-1,Earlier Abkhaz officials threatened that their forces would fire on the demonstrators if they crossed a river into Abkhaz territory .,مقامات آذربایجانی پیش از این تهدید کرده بودند که اگر آن ها از رودخانه ای به قلمرو آبخاز عبور کنند ، نیروهای خود را به سمت تظاهرکنندگان شلیک خواهند کرد .,they,کنند,تظاهرکنندگان,آن ها,"['آن', 'ها']",10,11,53,58,"[13, 13]"
02cacfd9-7d50-59ac-beb6-d9750e03a574+3,event-38,patient,ss-1,Earlier Abkhaz officials threatened that their forces would fire on the demonstrators if they crossed a river into Abkhaz territory .,مقامات آذربایجانی پیش از این تهدید کرده بودند که اگر آن ها از رودخانه ای به قلمرو آبخاز عبور کنند ، نیروهای خود را به سمت تظاهرکنندگان شلیک خواهند کرد .,they,کنند,تظاهرکنندگان,آن ها,"['آن', 'ها']",10,11,53,58,"[13, 13]"
02cacfd9-7d50-59ac-beb6-d9750e03a574+7,event-7,agent,ss-15,"He was reported by AFP as saying : &quot; No-one is voting , neither Abkhaz or Georgians .",او توسط خبرگزاری ان بی سی گزارش شده است : « هیچ کس نه آبخاز و نه گرجی رای نمی دهد .,He,او,,او,['او'],0,0,0,2,"[0, 0]"
02cacfd9-7d50-59ac-beb6-d9750e03a574+7,event-6,agent,ss-17,"He was reported by AFP as saying : &quot; No-one is voting , neither Abkhaz or Georgians .",او توسط خبرگزاری ان بی سی گزارش شده است : « هیچ کس نه آبخاز و نه گرجی رای نمی دهد .,AFP,خبرگزاری,ان‌بی‌سی,,[],0,0,0,0,"[4, 4]"
02cacfd9-7d50-59ac-beb6-d9750e03a574+7,event-7,anchor,ss-34,"He was reported by AFP as saying : &quot; No-one is voting , neither Abkhaz or Georgians .",او توسط خبرگزاری ان بی سی گزارش شده است : « هیچ کس نه آبخاز و نه گرجی رای نمی دهد .,saying,:,,,[],0,0,0,0,"[6, 6]"
02cacfd9-7d50-59ac-beb6-d9750e03a574+7,event-34,agent,ss-18,"He was reported by AFP as saying : &quot; No-one is voting , neither Abkhaz or Georgians .",او توسط خبرگزاری ان بی سی گزارش شده است : « هیچ کس نه آبخاز و نه گرجی رای نمی دهد .,neither Abkhaz or Georgians,نه آبخاز,نه آبخاز و نه گرجی,نه آبخاز و نه گرجی,"['نه', 'آبخاز', 'و', 'نه', 'گرجی']",13,17,51,69,"[13, 16]"
08f75902-bd4e-5b68-95be-9eb14ee3c6f1+11,event-27,anchor,ss-65,Militants have killed hundreds of policemen and soldiers since the overthrow of Morsy in July 2013 .,شورشیان از زمان سرنگونی مرسی در ژوئیه ۲۰۱۳ صدها پلیس و سرباز را کشته اند .,killed,کشته,کشته‌اند,کشته اند,"['کشته', 'اند']",13,14,64,72,"[2, 2]"
08f75902-bd4e-5b68-95be-9eb14ee3c6f1+14,event-28,anchor,ss-66,All 224 people aboard died .,همه ۲۲۴ نفر در کشتی کشته شدند .,died,کشته,کشته شدند,کشته شدند,"['کشته', 'شدند']",5,6,20,29,"[4, 4]"
08f75902-bd4e-5b68-95be-9eb14ee3c6f1+3,event-26,agent,ss-10,A second bomb in Kafr El-Sheikh killed one civilian motorist and wounded three police officers .,بمب دوم در کفر الشیخ یک راننده غیرنظامی را کشت و سه افسر پلیس را زخمی کرد .,A second bomb,بمب,بمب دوم,بمب دوم,"['بمب', 'دوم']",0,1,0,7,"[0, 2]"
08f75902-bd4e-5b68-95be-9eb14ee3c6f1+3,event-31,agent,ss-10,A second bomb in Kafr El-Sheikh killed one civilian motorist and wounded three police officers .,بمب دوم در کفر الشیخ یک راننده غیرنظامی را کشت و سه افسر پلیس را زخمی کرد .,A second bomb,بمب,بمب دوم,بمب دوم,"['بمب', 'دوم']",0,1,0,7,"[0, 2]"
08f75902-bd4e-5b68-95be-9eb14ee3c6f1+3,event-26,patient,ss-5,A second bomb in Kafr El-Sheikh killed one civilian motorist and wounded three police officers .,بمب دوم در کفر الشیخ یک راننده غیرنظامی را کشت و سه افسر پلیس را زخمی کرد .,one civilian motorist,یک راننده,یک راننده غیرنظامی,یک راننده غیرنظامی,"['یک', 'راننده', 'غیرنظامی']",5,7,21,39,"[7, 9]"
08f75902-bd4e-5b68-95be-9eb14ee3c6f1+3,event-31,patient,ss-11,A second bomb in Kafr El-Sheikh killed one civilian motorist and wounded three police officers .,بمب دوم در کفر الشیخ یک راننده غیرنظامی را کشت و سه افسر پلیس را زخمی کرد .,three police officers,سه افسر,سه افسر پلیس,سه افسر پلیس,"['سه', 'افسر', 'پلیس']",11,13,49,61,"[12, 14]"
0ba721fe-bdae-5569-927b-3721f533bbc0+8,event-24,anchor,ss-44,"Diana Gradinaru , a 45-year-old economist , said the new legislation could result in “ terrible thefts ” by high-level officials , citing legislation that meant video and audio recordings could no longer be used as evidence in prosecutions .",دیانا گرونینارو ، یک اقتصاددان ۴۵ ساله ، گفت که قانون جدید می تواند منجر به « سرقت های وحشتناک » توسط مقامات عالی رتبه شود ، با استناد به قانون که به این معنی است که ویدئو و ضبط های صوتی دیگر نمی تواند به عنوان مدرک در پیگرد قانونی استفاده شود .,thefts,سرقت,سرقت‌های,سرقت های,"['سرقت', 'های']",17,18,78,86,"[16, 16]"
0ba721fe-bdae-5569-927b-3721f533bbc0+8,event-7,anchor,ss-27,"Diana Gradinaru , a 45-year-old economist , said the new legislation could result in “ terrible thefts ” by high-level officials , citing legislation that meant video and audio recordings could no longer be used as evidence in prosecutions .",دیانا گرونینارو ، یک اقتصاددان ۴۵ ساله ، گفت که قانون جدید می تواند منجر به « سرقت های وحشتناک » توسط مقامات عالی رتبه شود ، با استناد به قانون که به این معنی است که ویدئو و ضبط های صوتی دیگر نمی تواند به عنوان مدرک در پیگرد قانونی استفاده شود .,audio recordings,صوتی,ضبط‌های صوتی,ضبط های صوتی,"['ضبط', 'های', 'صوتی']",39,41,174,186,"[28, 29]"
0ba721fe-bdae-5569-927b-3721f533bbc0+8,event-18,anchor,ss-38,"Diana Gradinaru , a 45-year-old economist , said the new legislation could result in “ terrible thefts ” by high-level officials , citing legislation that meant video and audio recordings could no longer be used as evidence in prosecutions .",دیانا گرونینارو ، یک اقتصاددان ۴۵ ساله ، گفت که قانون جدید می تواند منجر به « سرقت های وحشتناک » توسط مقامات عالی رتبه شود ، با استناد به قانون که به این معنی است که ویدئو و ضبط های صوتی دیگر نمی تواند به عنوان مدرک در پیگرد قانونی استفاده شود .,used as evidence,عنوان مدرک,عنوان مدرک در پیگرد قانونی استفاده,به عنوان مدرک استفاده شود,"['به', 'عنوان', 'مدرک', 'استفاده', 'شود']",45,52,202,243,"[34, 36]"
1c43e469-a33c-5d19-983b-e1a06868092d+0,event-14,anchor,ss-50,"Wave of Bombings , Shootings Leave 38 Dead in Iraq",موج بمب گذاری ها ، تیراندازی ها ۳۸ کشته در عراق باقی گذاشت .,Bombings,بمب گذاری ها,بمب‌گذاری‌ها,بمب گذاری ها,"['بمب', 'گذاری', 'ها']",1,3,4,16,"[2, 2]"
1c43e469-a33c-5d19-983b-e1a06868092d+0,event-7,anchor,ss-43,"Wave of Bombings , Shootings Leave 38 Dead in Iraq",موج بمب گذاری ها ، تیراندازی ها ۳۸ کشته در عراق باقی گذاشت .,Shootings,تیراندازی ها,تیراندازی‌ها,تیراندازی ها,"['تیراندازی', 'ها']",5,6,19,31,"[4, 4]"
1c43e469-a33c-5d19-983b-e1a06868092d+4,event-1,agent,ss-28,"Sunday &apos;s explosions struck shortly before the evening iftar meal that ends the daylong fast during Ramadan , AP reported on Monday .",انفجارهای یکشنبه کمی قبل از غذای شب عید که روزه طولانی مدت روزه در ماه رمضان را به پایان می رساند رخ داد .,AP,می,,,[],0,0,0,0,"[18, 18]"
1c43e469-a33c-5d19-983b-e1a06868092d+4,event-1,anchor,ss-37,"Sunday &apos;s explosions struck shortly before the evening iftar meal that ends the daylong fast during Ramadan , AP reported on Monday .",انفجارهای یکشنبه کمی قبل از غذای شب عید که روزه طولانی مدت روزه در ماه رمضان را به پایان می رساند رخ داد .,reported,می,,,[],0,0,0,0,"[19, 19]"
1c43e469-a33c-5d19-983b-e1a06868092d+7,event-18,patient,ss-10,"Another car bomb exploded among shops and take-away restaurants in central Kut , 160 kilometers ( 100 miles ) southeast of Baghdad .",بمب دیگری در میان مغازه ها و رستوران های سیار در مرکز کوت ، در ۱۶۰ کیلومتری ( ۱۰۰ مایلی ) جنوب شرقی بغداد منفجر شد .,shops,مغازه,مغازه‌ها,مغازه ها,"['مغازه', 'ها']",4,5,18,26,"[5, 5]"
27564eb5-9d70-5cfe-85be-d060b3f8acab+3,event-14,patient,ss-2,"Dr Victor Willoughby is the 11th of the country ’ s 120 doctors to die from the virus , during an outbreak that has killed almost 7,000 people .",دکتر ویکتور ویل وبی یازدهمین پزشک کشور است که بر اثر این ویروس جان خود را از دست داده است .,Dr Victor Willoughby,دکتر ویکتور ویل وبی,دکتر ویکتور ویل,دکتر ویکتور ویل وبی,"['دکتر', 'ویکتور', 'ویل', 'وبی']",0,3,0,19,"[0, 2]"
27564eb5-9d70-5cfe-85be-d060b3f8acab+3,event-14,anchor,ss-29,"Dr Victor Willoughby is the 11th of the country ’ s 120 doctors to die from the virus , during an outbreak that has killed almost 7,000 people .",دکتر ویکتور ویل وبی یازدهمین پزشک کشور است که بر اثر این ویروس جان خود را از دست داده است .,die,جان,دست,جان خود را از دست داده است,"['جان', 'خود', 'را', 'از', 'دست', 'داده', 'است']",13,19,63,89,"[14, 14]"
27564eb5-9d70-5cfe-85be-d060b3f8acab+3,event-14,agent,ss-1,"Dr Victor Willoughby is the 11th of the country ’ s 120 doctors to die from the virus , during an outbreak that has killed almost 7,000 people .",دکتر ویکتور ویل وبی یازدهمین پزشک کشور است که بر اثر این ویروس جان خود را از دست داده است .,the virus,این ویروس,این ویروس,این ویروس,"['این', 'ویروس']",11,12,53,62,"[16, 17]"
27564eb5-9d70-5cfe-85be-d060b3f8acab+3,event-15,agent,ss-1,"Dr Victor Willoughby is the 11th of the country ’ s 120 doctors to die from the virus , during an outbreak that has killed almost 7,000 people .",دکتر ویکتور ویل وبی یازدهمین پزشک کشور است که بر اثر این ویروس جان خود را از دست داده است .,the virus,این ویروس,,این ویروس,"['این', 'ویروس']",11,12,53,62,"[16, 17]"
27564eb5-9d70-5cfe-85be-d060b3f8acab+3,event-22,agent,ss-1,"Dr Victor Willoughby is the 11th of the country ’ s 120 doctors to die from the virus , during an outbreak that has killed almost 7,000 people .",دکتر ویکتور ویل وبی یازدهمین پزشک کشور است که بر اثر این ویروس جان خود را از دست داده است .,the virus,این ویروس,,این ویروس,"['این', 'ویروس']",11,12,53,62,"[16, 17]"
27564eb5-9d70-5cfe-85be-d060b3f8acab+3,event-22,anchor,ss-37,"Dr Victor Willoughby is the 11th of the country ’ s 120 doctors to die from the virus , during an outbreak that has killed almost 7,000 people .",دکتر ویکتور ویل وبی یازدهمین پزشک کشور است که بر اثر این ویروس جان خود را از دست داده است .,outbreak,ویروس,,,[],0,0,0,0,"[21, 21]"
27564eb5-9d70-5cfe-85be-d060b3f8acab+3,event-15,anchor,ss-30,"Dr Victor Willoughby is the 11th of the country ’ s 120 doctors to die from the virus , during an outbreak that has killed almost 7,000 people .",دکتر ویکتور ویل وبی یازدهمین پزشک کشور است که بر اثر این ویروس جان خود را از دست داده است .,killed,جان,,,[],0,0,0,0,"[24, 24]"
27564eb5-9d70-5cfe-85be-d060b3f8acab+3,event-15,patient,ss-4,"Dr Victor Willoughby is the 11th of the country ’ s 120 doctors to die from the virus , during an outbreak that has killed almost 7,000 people .",دکتر ویکتور ویل وبی یازدهمین پزشک کشور است که بر اثر این ویروس جان خود را از دست داده است .,"almost 7,000 people",این ویروس جان,,,[],0,0,0,0,"[25, 27]"
27564eb5-9d70-5cfe-85be-d060b3f8acab+8,event-24,agent,ss-2,"The arrival of ZMAb , developed in Canada , had raised hopes for Willoughby ’ s survival .",ورود ZMAb ، که در کانادا توسعه یافته بود ، امید را برای زنده ماندن ولینگتون افزایش داد .,Willoughby,.,ولینگتون,,[],0,0,0,0,"[13, 13]"
27564eb5-9d70-5cfe-85be-d060b3f8acab+8,event-24,patient,ss-2,"The arrival of ZMAb , developed in Canada , had raised hopes for Willoughby ’ s survival .",ورود ZMAb ، که در کانادا توسعه یافته بود ، امید را برای زنده ماندن ولینگتون افزایش داد .,Willoughby,.,ولینگتون,,[],0,0,0,0,"[13, 13]"
27564eb5-9d70-5cfe-85be-d060b3f8acab+14,event-23,agent,ss-2,"The arrival of ZMAb , developed in Canada , had raised hopes for Willoughby ’ s survival .",ورود ZMAb ، که در کانادا توسعه یافته بود ، امید را برای زنده ماندن ولینگتون افزایش داد .,Willoughby,.,ولینگتون,,[],0,0,0,0,"[13, 13]"
27564eb5-9d70-5cfe-85be-d060b3f8acab+14,event-23,patient,ss-2,"The arrival of ZMAb , developed in Canada , had raised hopes for Willoughby ’ s survival .",ورود ZMAb ، که در کانادا توسعه یافته بود ، امید را برای زنده ماندن ولینگتون افزایش داد .,Willoughby,.,ولینگتون,,[],0,0,0,0,"[13, 13]"
27564eb5-9d70-5cfe-85be-d060b3f8acab+8,event-24,anchor,ss-39,"The arrival of ZMAb , developed in Canada , had raised hopes for Willoughby ’ s survival .",ورود ZMAb ، که در کانادا توسعه یافته بود ، امید را برای زنده ماندن ولینگتون افزایش داد .,survival,ماندن,زنده,زنده ماندن,"['زنده', 'ماندن']",13,14,56,66,"[16, 16]"
27564eb5-9d70-5cfe-85be-d060b3f8acab+14,event-23,anchor,ss-38,"The arrival of ZMAb , developed in Canada , had raised hopes for Willoughby ’ s survival .",ورود ZMAb ، که در کانادا توسعه یافته بود ، امید را برای زنده ماندن ولینگتون افزایش داد .,survival,ماندن,زنده,زنده ماندن,"['زنده', 'ماندن']",13,14,56,66,"[16, 16]"
2ab255c8-c8b4-52d0-82fe-4151fa7e74f8+7,event-33,anchor,ss-47,"Netanyahu , who heads the right-wing Likud party , is fighting for his political life after an inconclusive election on March 2 , following ballots in April and September that also ended without a clear victor .",نتانیاهو که رهبر حزب راست گرا بود ، پس از یک انتخابات بدون نتیجه در ۲ مارس و سپتامبر که بدون پیروزی قطعی به پایان رسید ، برای زندگی سیاسی خود مبارزه می کند .,ballots,انتخابات,,,[],0,0,0,0,"[24, 24]"
36a4a758-690c-5862-88ba-d290aa108569+8,event-21,anchor,ss-38,Officials have said the money came instead from an unnamed Arab donor .,مقامات اعلام کرده اند که این پول از یک کمک کننده ناشناس عرب تأمین شده است .,donor,کننده,کمک‌کننده,کمک کننده,"['کمک', 'کننده']",9,10,39,48,"[11, 11]"
370dc6fd-6397-523b-8d75-393a5500d4a5+2,event-8,patient,ss-3,"If accurate , many more passengers could have been exposed to Ebola during her flight home to Cleveland from Dallas on Friday .",اگر دقیق باشد ، ممکن است تعداد بیشتری از مسافران در روز جمعه هنگام پرواز او از دالاس به خانه در معرض ابولا قرار گرفته باشند .,many more passengers,تعداد بیشتری از مسافران,بیشتری از مسافران,تعداد بیشتری از مسافران,"['تعداد', 'بیشتری', 'از', 'مسافران']",6,9,25,48,"[3, 5]"
370dc6fd-6397-523b-8d75-393a5500d4a5+2,event-8,anchor,ss-18,"If accurate , many more passengers could have been exposed to Ebola during her flight home to Cleveland from Dallas on Friday .",اگر دقیق باشد ، ممکن است تعداد بیشتری از مسافران در روز جمعه هنگام پرواز او از دالاس به خانه در معرض ابولا قرار گرفته باشند .,exposed,معرض,معرض ابولا قرار,در معرض,"['در', 'معرض']",20,21,93,100,"[9, 9]"
3981eac4-b8f5-534e-8b5a-ac150dfc29cb+2,event-3,agent,ss-6,"Rights groups believe that foul play was behind the deaths of the three , and have demanded an investigation into this case and other allegations of police corruption and heavy-handed tactics .",گروه های حقوق بشری بر این باور اند که در پس مرگ این سه نفر ، خطا بوده و خواستار تحقیق در این مورد و سایر اتهامات فساد پلیس و تاکتیک های سنگین شده اند .,Rights groups,حقوق,گروه‌های حقوق,گروه های حقوق بشری,"['گروه', 'های', 'حقوق', 'بشری']",0,3,0,18,"[0, 1]"
3981eac4-b8f5-534e-8b5a-ac150dfc29cb+2,event-32,patient,ss-7,"Rights groups believe that foul play was behind the deaths of the three , and have demanded an investigation into this case and other allegations of police corruption and heavy-handed tactics .",گروه های حقوق بشری بر این باور اند که در پس مرگ این سه نفر ، خطا بوده و خواستار تحقیق در این مورد و سایر اتهامات فساد پلیس و تاکتیک های سنگین شده اند .,the three,این سه,,این سه نفر,"['این', 'سه', 'نفر']",12,14,48,58,"[11, 12]"
3981eac4-b8f5-534e-8b5a-ac150dfc29cb+2,event-33,anchor,ss-52,"Rights groups believe that foul play was behind the deaths of the three , and have demanded an investigation into this case and other allegations of police corruption and heavy-handed tactics .",گروه های حقوق بشری بر این باور اند که در پس مرگ این سه نفر ، خطا بوده و خواستار تحقیق در این مورد و سایر اتهامات فساد پلیس و تاکتیک های سنگین شده اند .,tactics,تاکتیک,تاکتیک‌های,,[],0,0,0,0,"[30, 30]"
3a0d211a-4c05-583b-8acd-2180d21e672e+0,event-14,agent,ss-1,Protesters around the world march against Egypt &apos;s Mubarak,تظاهرات کنندگان در سراسر جهان علیه مبارک مصری ها تظاهرات کردند .,Protesters,کنندگان,تظاهرات‌کنندگان,تظاهرات کنندگان,"['تظاهرات', 'کنندگان']",0,1,0,15,"[0, 0]"
3a0d211a-4c05-583b-8acd-2180d21e672e+0,event-14,anchor,ss-47,Protesters around the world march against Egypt &apos;s Mubarak,تظاهرات کنندگان در سراسر جهان علیه مبارک مصری ها تظاهرات کردند .,march,تظاهرات,کردند,تظاهرات کردند,"['تظاهرات', 'کردند']",9,10,49,62,"[4, 4]"
3a0d211a-4c05-583b-8acd-2180d21e672e+0,event-14,patient,ss-15,Protesters around the world march against Egypt &apos;s Mubarak,تظاهرات کنندگان در سراسر جهان علیه مبارک مصری ها تظاهرات کردند .,Egypt &apos;s Mubarak,مبارک,مبارک مصری‌ها,مبارک مصری ها,"['مبارک', 'مصری', 'ها']",6,8,35,48,"[6, 8]"
3a0d211a-4c05-583b-8acd-2180d21e672e+12,event-12,patient,ss-27,"&quot; We are witnessing a great change in history , &quot; he told CTV .",او به شبکه سی تی وی گفت : « ما شاهد تغییر بزرگی در تاریخ هستیم .,CTV,سی تی وی,سی‌تی‌وی,سی تی وی,"['سی', 'تی', 'وی']",3,5,11,19,"[13, 13]"
3a0d211a-4c05-583b-8acd-2180d21e672e+2,event-17,anchor,ss-50,"Outside the Egyptian Embassy in London , people rallied , chanted , hoisted banners and demanded change .",در بیرون سفارت مصر در لندن ، مردم تجمع کردند ، شعارها را برافراشتند و خواستار تغییر شدند .,rallied,تجمع,تجمع کردند,تجمع کردند,"['تجمع', 'کردند']",8,9,34,44,"[8, 8]"
3a402e86-bff8-5ad0-baff-3b497f37e4e0+1,event-11,anchor,ss-28,Photographs posted on social media showed riot police outside the Moscow offices of the Open Russia Foundation .,عکس هایی که در شبکه های اجتماعی منتشر شده است ، پلیس ضد شورش را بیرون دفتر مرکزی بنیاد روسیه آزاد نشان می دهد .,Photographs,عکس,عکس‌هایی,عکس هایی,"['عکس', 'هایی']",0,1,0,8,"[0, 0]"
3a402e86-bff8-5ad0-baff-3b497f37e4e0+12,event-33,patient,ss-16,Navalny suffered a similar attack last month .,ماه گذشته نیروی دریایی دچار حمله ای مشابه شد .,Navalny,نیروی,نیروی دریایی,,[],0,0,0,0,"[0, 0]"
3a402e86-bff8-5ad0-baff-3b497f37e4e0+12,event-33,anchor,ss-50,Navalny suffered a similar attack last month .,ماه گذشته نیروی دریایی دچار حمله ای مشابه شد .,attack,حمله,حمله‌ای,حمله ای,"['حمله', 'ای']",5,6,28,35,"[4, 4]"
3be03287-27f5-5420-880f-cda2d6870f0f+5,event-2,anchor,ss-20,"No group has yet claimed responsibility for the kidnap , although it is feared it may be the work of an al-Qaida linked guerrilla group , Abu Sayyaf , which has been fighting the Philippines army since the 1990s .",هنوز هیچ گروهی مسئولیت این آدم ربایی را بر عهده نگرفته است ، اگر چه ممکن است که این کار توسط یک گروه چریکی مرتبط با القاعده ، ابو سیف ، که از دهه ۱۹۹۰ با ارتش فیلیپین مبارزه می کند ، انجام شده باشد .,claimed,را,عهده,بر عهده,"['بر', 'عهده']",8,9,40,47,"[4, 4]"
3be03287-27f5-5420-880f-cda2d6870f0f+5,event-13,anchor,ss-31,"No group has yet claimed responsibility for the kidnap , although it is feared it may be the work of an al-Qaida linked guerrilla group , Abu Sayyaf , which has been fighting the Philippines army since the 1990s .",هنوز هیچ گروهی مسئولیت این آدم ربایی را بر عهده نگرفته است ، اگر چه ممکن است که این کار توسط یک گروه چریکی مرتبط با القاعده ، ابو سیف ، که از دهه ۱۹۹۰ با ارتش فیلیپین مبارزه می کند ، انجام شده باشد .,kidnap,ربایی,آدم‌ربایی,آدم ربایی,"['آدم', 'ربایی']",5,6,27,36,"[8, 8]"
3be03287-27f5-5420-880f-cda2d6870f0f+5,event-18,patient,ss-3,"No group has yet claimed responsibility for the kidnap , although it is feared it may be the work of an al-Qaida linked guerrilla group , Abu Sayyaf , which has been fighting the Philippines army since the 1990s .",هنوز هیچ گروهی مسئولیت این آدم ربایی را بر عهده نگرفته است ، اگر چه ممکن است که این کار توسط یک گروه چریکی مرتبط با القاعده ، ابو سیف ، که از دهه ۱۹۹۰ با ارتش فیلیپین مبارزه می کند ، انجام شده باشد .,the Philippines army,ارتش,ارتش فیلیپین,ارتش فیلیپین,"['ارتش', 'فیلیپین']",36,37,154,166,"[33, 35]"
3f4ec449-6dd1-505e-8c72-c8a4f8810c5d+9,event-13,agent,ss-18,"Binyamin ( Bibi ) Netanyahu , leader of the hawkish Likud party and former prime minister , would most likely win a general election , with polls for several months highlighting his popularity . As PM , he negotiated the Wye River Accords in 1998 with Yasser Arafat , but there was no progress in the peace talks .",بنیامین نتانیاهو ، رهبر حزب لیکود و نخست وزیر سابق ، به احتمال زیاد در یک انتخابات عمومی برنده خواهد شد و نظرسنجی ها برای ماه ها محبوبیت او را برجسته کردند .,Binyamin ( Bibi ) Netanyahu,بنیامین نتانیاهو,,بنیامین نتانیاهو,"['بنیامین', 'نتانیاهو']",0,1,0,16,"[0, 4]"
3f4ec449-6dd1-505e-8c72-c8a4f8810c5d+9,event-26,agent,ss-18,"Binyamin ( Bibi ) Netanyahu , leader of the hawkish Likud party and former prime minister , would most likely win a general election , with polls for several months highlighting his popularity . As PM , he negotiated the Wye River Accords in 1998 with Yasser Arafat , but there was no progress in the peace talks .",بنیامین نتانیاهو ، رهبر حزب لیکود و نخست وزیر سابق ، به احتمال زیاد در یک انتخابات عمومی برنده خواهد شد و نظرسنجی ها برای ماه ها محبوبیت او را برجسته کردند .,Binyamin ( Bibi ) Netanyahu,بنیامین نتانیاهو,,بنیامین نتانیاهو,"['بنیامین', 'نتانیاهو']",0,1,0,16,"[0, 4]"
3f4ec449-6dd1-505e-8c72-c8a4f8810c5d+9,event-32,patient,ss-18,"Binyamin ( Bibi ) Netanyahu , leader of the hawkish Likud party and former prime minister , would most likely win a general election , with polls for several months highlighting his popularity . As PM , he negotiated the Wye River Accords in 1998 with Yasser Arafat , but there was no progress in the peace talks .",بنیامین نتانیاهو ، رهبر حزب لیکود و نخست وزیر سابق ، به احتمال زیاد در یک انتخابات عمومی برنده خواهد شد و نظرسنجی ها برای ماه ها محبوبیت او را برجسته کردند .,Binyamin ( Bibi ) Netanyahu,بنیامین نتانیاهو,بنیامین نتانیاهو,بنیامین نتانیاهو,"['بنیامین', 'نتانیاهو']",0,1,0,16,"[0, 4]"
3f4ec449-6dd1-505e-8c72-c8a4f8810c5d+9,event-38,patient,ss-18,"Binyamin ( Bibi ) Netanyahu , leader of the hawkish Likud party and former prime minister , would most likely win a general election , with polls for several months highlighting his popularity . As PM , he negotiated the Wye River Accords in 1998 with Yasser Arafat , but there was no progress in the peace talks .",بنیامین نتانیاهو ، رهبر حزب لیکود و نخست وزیر سابق ، به احتمال زیاد در یک انتخابات عمومی برنده خواهد شد و نظرسنجی ها برای ماه ها محبوبیت او را برجسته کردند .,Binyamin ( Bibi ) Netanyahu,بنیامین نتانیاهو,بنیامین نتانیاهو,بنیامین نتانیاهو,"['بنیامین', 'نتانیاهو']",0,1,0,16,"[0, 4]"
3f4ec449-6dd1-505e-8c72-c8a4f8810c5d+9,event-40,anchor,ss-60,"Binyamin ( Bibi ) Netanyahu , leader of the hawkish Likud party and former prime minister , would most likely win a general election , with polls for several months highlighting his popularity . As PM , he negotiated the Wye River Accords in 1998 with Yasser Arafat , but there was no progress in the peace talks .",بنیامین نتانیاهو ، رهبر حزب لیکود و نخست وزیر سابق ، به احتمال زیاد در یک انتخابات عمومی برنده خواهد شد و نظرسنجی ها برای ماه ها محبوبیت او را برجسته کردند .,polls,نظرسنجی,نظرسنجی‌ها,نظرسنجی ها,"['نظرسنجی', 'ها']",22,23,106,116,"[26, 26]"
3f4ec449-6dd1-505e-8c72-c8a4f8810c5d+9,event-26,anchor,ss-46,"Binyamin ( Bibi ) Netanyahu , leader of the hawkish Likud party and former prime minister , would most likely win a general election , with polls for several months highlighting his popularity . As PM , he negotiated the Wye River Accords in 1998 with Yasser Arafat , but there was no progress in the peace talks .",بنیامین نتانیاهو ، رهبر حزب لیکود و نخست وزیر سابق ، به احتمال زیاد در یک انتخابات عمومی برنده خواهد شد و نظرسنجی ها برای ماه ها محبوبیت او را برجسته کردند .,Wye River Accords,شد,,,[],0,0,0,0,"[40, 42]"
3f4ec449-6dd1-505e-8c72-c8a4f8810c5d+9,event-13,agent,ss-19,"Binyamin ( Bibi ) Netanyahu , leader of the hawkish Likud party and former prime minister , would most likely win a general election , with polls for several months highlighting his popularity . As PM , he negotiated the Wye River Accords in 1998 with Yasser Arafat , but there was no progress in the peace talks .",بنیامین نتانیاهو ، رهبر حزب لیکود و نخست وزیر سابق ، به احتمال زیاد در یک انتخابات عمومی برنده خواهد شد و نظرسنجی ها برای ماه ها محبوبیت او را برجسته کردند .,Yasser Arafat,بنیامین نتانیاهو,,,[],0,0,0,0,"[46, 47]"
3f4ec449-6dd1-505e-8c72-c8a4f8810c5d+9,event-26,agent,ss-19,"Binyamin ( Bibi ) Netanyahu , leader of the hawkish Likud party and former prime minister , would most likely win a general election , with polls for several months highlighting his popularity . As PM , he negotiated the Wye River Accords in 1998 with Yasser Arafat , but there was no progress in the peace talks .",بنیامین نتانیاهو ، رهبر حزب لیکود و نخست وزیر سابق ، به احتمال زیاد در یک انتخابات عمومی برنده خواهد شد و نظرسنجی ها برای ماه ها محبوبیت او را برجسته کردند .,Yasser Arafat,بنیامین نتانیاهو,,,[],0,0,0,0,"[46, 47]"
3f4ec449-6dd1-505e-8c72-c8a4f8810c5d+9,event-13,anchor,ss-33,"Binyamin ( Bibi ) Netanyahu , leader of the hawkish Likud party and former prime minister , would most likely win a general election , with polls for several months highlighting his popularity . As PM , he negotiated the Wye River Accords in 1998 with Yasser Arafat , but there was no progress in the peace talks .",بنیامین نتانیاهو ، رهبر حزب لیکود و نخست وزیر سابق ، به احتمال زیاد در یک انتخابات عمومی برنده خواهد شد و نظرسنجی ها برای ماه ها محبوبیت او را برجسته کردند .,talks,او,,,[],0,0,0,0,"[57, 57]"
44cdb100-1394-5921-8a1e-94c61161cbd4+8,event-19,agent,ss-7,"The pair diverted a further $ 13,000 intended to pay for transport of life-saving goods to Ebola hotspots , the court found .",این دو نفر ۱۳۰۰۰ دلار دیگر را جهت انتقال کالاهایی که نجات دهنده زندگی هستند به مناطق ابولا اختصاص دادند .,The pair,این دو,این دو,این دو نفر,"['این', 'دو', 'نفر']",0,2,0,10,"[0, 1]"
44cdb100-1394-5921-8a1e-94c61161cbd4+8,event-28,patient,ss-7,"The pair diverted a further $ 13,000 intended to pay for transport of life-saving goods to Ebola hotspots , the court found .",این دو نفر ۱۳۰۰۰ دلار دیگر را جهت انتقال کالاهایی که نجات دهنده زندگی هستند به مناطق ابولا اختصاص دادند .,The pair,این دو,,این دو نفر,"['این', 'دو', 'نفر']",0,2,0,10,"[0, 1]"
44cdb100-1394-5921-8a1e-94c61161cbd4+8,event-19,anchor,ss-35,"The pair diverted a further $ 13,000 intended to pay for transport of life-saving goods to Ebola hotspots , the court found .",این دو نفر ۱۳۰۰۰ دلار دیگر را جهت انتقال کالاهایی که نجات دهنده زندگی هستند به مناطق ابولا اختصاص دادند .,diverted,اختصاص,اختصاص دادند,اختصاص دادند,"['اختصاص', 'دادند']",18,19,91,103,"[2, 2]"
44cdb100-1394-5921-8a1e-94c61161cbd4+8,event-24,anchor,ss-40,"The pair diverted a further $ 13,000 intended to pay for transport of life-saving goods to Ebola hotspots , the court found .",این دو نفر ۱۳۰۰۰ دلار دیگر را جهت انتقال کالاهایی که نجات دهنده زندگی هستند به مناطق ابولا اختصاص دادند .,pay,جهت,,,[],0,0,0,0,"[9, 9]"
44cdb100-1394-5921-8a1e-94c61161cbd4+8,event-28,agent,ss-2,"The pair diverted a further $ 13,000 intended to pay for transport of life-saving goods to Ebola hotspots , the court found .",این دو نفر ۱۳۰۰۰ دلار دیگر را جهت انتقال کالاهایی که نجات دهنده زندگی هستند به مناطق ابولا اختصاص دادند .,the court,.,,,[],0,0,0,0,"[19, 20]"
44cdb100-1394-5921-8a1e-94c61161cbd4+8,event-28,anchor,ss-44,"The pair diverted a further $ 13,000 intended to pay for transport of life-saving goods to Ebola hotspots , the court found .",این دو نفر ۱۳۰۰۰ دلار دیگر را جهت انتقال کالاهایی که نجات دهنده زندگی هستند به مناطق ابولا اختصاص دادند .,found,دادند,,,[],0,0,0,0,"[21, 21]"
4dac2187-d4c1-5375-b564-daa0cca80192+6,event-1,agent,ss-8,"In Iran many journalists , commentators and young people have set up web-based journals or blogs that document their daily lives and thoughts .",در ایران بسیاری از روزنامه نگاران ، مفسران و جوانان ، مجلات یا وبلاگ های اینترنتی را راه اندازی کرده اند که زندگی روزانه و اندیشه های خود را مستند می کنند .,many journalists,بسیاری از روزنامه نگاران,بسیاری از روزنامه‌نگاران,بسیاری از روزنامه,"['بسیاری', 'از', 'روزنامه']",2,4,9,26,"[2, 3]"
4dac2187-d4c1-5375-b564-daa0cca80192+6,event-1,agent,ss-10,"In Iran many journalists , commentators and young people have set up web-based journals or blogs that document their daily lives and thoughts .",در ایران بسیاری از روزنامه نگاران ، مفسران و جوانان ، مجلات یا وبلاگ های اینترنتی را راه اندازی کرده اند که زندگی روزانه و اندیشه های خود را مستند می کنند .,young people,جوانان,,جوانان,['جوانان'],9,9,45,51,"[7, 8]"
5178f231-5917-5d09-a9e5-d304c2c120c7+2,event-5,agent,ss-5,"In a statement , NBI Director Nonnatus Caesar Rojas said Panlilio was caught red-handed by operatives of the NBI Anti-Graft Division while she was receiving the P20,500 bribe from complainant Sunshine Mae Pelicano .",در بیانیه ای ، مدیر NIH ، نوناتوس سزار روخاس ، گفت که پانلیانو توسط مأموران بخش ضد سرقت هنگامی که او در حال دریافت رشوه ۲۰ ٬ ۵۰۰ پوند از شاکیان سان رای پالائو بود ، دستگیر شد .,NBI Director Nonnatus Caesar Rojas,نوناتوس سزار روخاس,مدیر NIH ، نوناتوس سزار روخاس,مدیر NIH نوناتوس سزار روخاس,"['مدیر', 'NIH', 'نوناتوس', 'سزار', 'روخاس']",4,9,15,44,"[4, 8]"
529e5ee4-54cf-5060-8500-eaef95aa21c7+4,event-23,agent,ss-11,Expulsion from the ruling party typically precedes criminal charges .,اخراج از حزب حاکم معمولاً پیش از اتهام های جنایی صورت می گیرد .,the ruling party,های جنایی صورت می,حزب حاکم,حزب حاکم,"['حزب', 'حاکم']",2,3,9,17,"[2, 4]"
529e5ee4-54cf-5060-8500-eaef95aa21c7+4,event-14,anchor,ss-29,Expulsion from the ruling party typically precedes criminal charges .,اخراج از حزب حاکم معمولاً پیش از اتهام های جنایی صورت می گیرد .,charges,اتهام,اتهام‌های,اتهام های,"['اتهام', 'های']",7,8,33,42,"[8, 8]"
532cdbf5-856b-5151-b9d9-e50f52271ed4+3,event-11,patient,ss-19,"He said that Muslim Brotherhood , whose members are key supporters of deposed president Mohamed Mursi , made many mistakes and that Mursi himself was successful neither inside the country nor in the field of foreign policy , and for these reasons the army &quot; resorted to force to topple &quot; the freely-elected president .",او گفت که اخوان المسلمین ، که اعضای کلیدی حامی رئیس جمهور سرنگون شده محمد مورسی هستند ، اشتباه های زیادی مرتکب شده و خود مورسی نه در داخل کشور و نه در سیاست خارجی موفق بوده است و به همین دلیل ارتش به زور متوسل شد تا رئیس جمهور منتخب را سرنگون کند .,deposed president Mohamed Mursi,سرنگون شده محمد مورسی,رئیس‌جمهور سرنگون شده محمد مورسی,رئیس جمهور سرنگون شده محمد مورسی,"['رئیس', 'جمهور', 'سرنگون', 'شده', 'محمد', 'مورسی']",10,15,47,79,"[12, 15]"
532cdbf5-856b-5151-b9d9-e50f52271ed4+3,event-19,patient,ss-19,"He said that Muslim Brotherhood , whose members are key supporters of deposed president Mohamed Mursi , made many mistakes and that Mursi himself was successful neither inside the country nor in the field of foreign policy , and for these reasons the army &quot; resorted to force to topple &quot; the freely-elected president .",او گفت که اخوان المسلمین ، که اعضای کلیدی حامی رئیس جمهور سرنگون شده محمد مورسی هستند ، اشتباه های زیادی مرتکب شده و خود مورسی نه در داخل کشور و نه در سیاست خارجی موفق بوده است و به همین دلیل ارتش به زور متوسل شد تا رئیس جمهور منتخب را سرنگون کند .,deposed president Mohamed Mursi,سرنگون شده محمد مورسی,رئیس‌جمهور سرنگون شده محمد مورسی,رئیس جمهور سرنگون شده محمد مورسی,"['رئیس', 'جمهور', 'سرنگون', 'شده', 'محمد', 'مورسی']",10,15,47,79,"[12, 15]"
556438bf-a81f-51f9-914d-eb787524f964+1,event-5,agent,ss-1,"Crowds are gathering in downtown Madrid to mark the fifth anniversary of a protest movement that led to the creation of Podemos , now Spain &apos;s third most-popular political party .",جمعیت ها در مرکز شهر مادرید به مناسبت پنجمین سالگرد یک جنبش اعتراضی که منجر به ایجاد پوئموس ، که اکنون سومین حزب سیاسی محبوب اسپانیا است ، گرد هم آمده اند .,Crowds,جمعیت ها,جمعیت‌ها,جمعیت ها,"['جمعیت', 'ها']",0,1,0,8,"[0, 0]"
58a2364d-4fc5-5c5f-9544-bceb5ff86ad6+6,event-17,patient,ss-11,No one was killed in the attack .,هیچ کس در این حمله کشته نشد .,No one,هیچ کس,هیچ‌کس,هیچ کس,"['هیچ', 'کس']",0,1,0,6,"[0, 1]"
597a893d-1812-5124-b15c-45868b553f76+12,event-59,agent,ss-2,"In the capital of Port-au-Prince , 350 people sought treatment at Medecins Sans Frontieres facilities in the week ending November 7 .",در پایتخت پورتو پرنس ، ۳۵۰ نفر در هفته منتهی به ۷ نوامبر در مراکز پزشکی بدون مرز به دنبال درمان بودند .,Medecins Sans Frontieres,مراکز,پزشکی بدون مرز,مراکز پزشکی بدون مرز,"['مراکز', 'پزشکی', 'بدون', 'مرز']",14,17,60,80,"[11, 13]"
671ce466-dc1b-5d38-ab64-b046caea1bfe+10,event-25,patient,ss-11,"By late Wednesday , the most-recent deaths in Arizona and Illinois had not been included in the Centers for Disease Control and Prevention &apos;s official tally of 11 U.S. deaths from the disease .",در اواخر چهارشنبه ، آخرین مرگ و میرها در آریزونا و ایلینوی در سرشماری رسمی مرکز کنترل و پیشگیری از بیماری ها قرار نداشت .,11 U.S. deaths,آخرین مرگ,,,[],0,0,0,0,"[27, 29]"
671ce466-dc1b-5d38-ab64-b046caea1bfe+13,event-32,agent,ss-32,"The World Health Organization has counted 14,557 cases of H1N1 -- 96 of them fatal -- in 48 countries .",سازمان بهداشت جهانی ۱۴ ٫ ۵۶۲ مورد از H1N1 را شمرد -- ۹۶ مورد از آن ها کشنده هستند -- در ۴۸ کشور .,The World Health Organization,سازمان,سازمان بهداشت جهانی,سازمان بهداشت جهانی,"['سازمان', 'بهداشت', 'جهانی']",0,2,0,19,"[0, 3]"
671ce466-dc1b-5d38-ab64-b046caea1bfe+13,event-13,patient,ss-13,"The World Health Organization has counted 14,557 cases of H1N1 -- 96 of them fatal -- in 48 countries .",سازمان بهداشت جهانی ۱۴ ٫ ۵۶۲ مورد از H1N1 را شمرد -- ۹۶ مورد از آن ها کشنده هستند -- در ۴۸ کشور .,"14,557 cases",۱۴ ٫ ۵۶۲ مورد,۵۶۲ مورد,۱۴ ٫ مورد,"['۱۴', '٫', 'مورد']",3,6,20,33,"[6, 7]"
671ce466-dc1b-5d38-ab64-b046caea1bfe+13,event-27,patient,ss-14,"The World Health Organization has counted 14,557 cases of H1N1 -- 96 of them fatal -- in 48 countries .",سازمان بهداشت جهانی ۱۴ ٫ ۵۶۲ مورد از H1N1 را شمرد -- ۹۶ مورد از آن ها کشنده هستند -- در ۴۸ کشور .,96 of them,۹۶ مورد از آن,۹۶ مورد از آن‌ها,۹۶ مورد از آن ها,"['۹۶', 'مورد', 'از', 'آن', 'ها']",12,16,53,69,"[11, 13]"
6aaa4574-3af7-5328-9df9-12bc0c99d8c1+3,event-2,anchor,ss-16,"When the firm collapsed in 2001 , it had a £ 1bn hole in its accounts , Southwark crown court was told .",هنگامی که شرکت در سال ۲۰۰۱ فرو ریخت ، به دادگاه سلطنتی ساوت همپتون گفته شد که یک سوراخ ۱ میلیارد پوندی در حساب هایش دارد .,collapsed,فرو,فرو ریخت,فرو ریخت,"['فرو', 'ریخت']",6,7,27,35,"[3, 3]"
6aaa4574-3af7-5328-9df9-12bc0c99d8c1+3,event-2,patient,ss-10,"When the firm collapsed in 2001 , it had a £ 1bn hole in its accounts , Southwark crown court was told .",هنگامی که شرکت در سال ۲۰۰۱ فرو ریخت ، به دادگاه سلطنتی ساوت همپتون گفته شد که یک سوراخ ۱ میلیارد پوندی در حساب هایش دارد .,it,شرکت,حساب‌هایش,,[],0,0,0,0,"[7, 7]"
6aaa4574-3af7-5328-9df9-12bc0c99d8c1+3,event-7,patient,ss-11,"When the firm collapsed in 2001 , it had a £ 1bn hole in its accounts , Southwark crown court was told .",هنگامی که شرکت در سال ۲۰۰۱ فرو ریخت ، به دادگاه سلطنتی ساوت همپتون گفته شد که یک سوراخ ۱ میلیارد پوندی در حساب هایش دارد .,Southwark crown court,دادگاه,دادگاه سلطنتی ساوت‌همپتون,دادگاه سلطنتی ساوت همپتون,"['دادگاه', 'سلطنتی', 'ساوت', 'همپتون']",10,13,41,66,"[17, 19]"
73c62a2a-12ae-50ed-bb4a-354e1cd6cafa+11,event-26,agent,ss-22,"Mubarak is scheduled to face the Cairo Criminal Court on August 3 on charges of corruption and deaths of protesters , officials have said .",مقامات اعلام کرده اند که مبارک قرار است در ۳ اوت به اتهام فساد و مرگ تظاهرکنندگان با دادگاه جنایی قاهره رو به رو شود .,Cairo Criminal Court,قاهره رو به رو,دادگاه جنایی قاهره,دادگاه جنایی قاهره,"['دادگاه', 'جنایی', 'قاهره']",18,20,85,103,"[6, 8]"
73c62a2a-12ae-50ed-bb4a-354e1cd6cafa+11,event-8,anchor,ss-33,"Mubarak is scheduled to face the Cairo Criminal Court on August 3 on charges of corruption and deaths of protesters , officials have said .",مقامات اعلام کرده اند که مبارک قرار است در ۳ اوت به اتهام فساد و مرگ تظاهرکنندگان با دادگاه جنایی قاهره رو به رو شود .,said,کرده,اعلام,اعلام کرده اند,"['اعلام', 'کرده', 'اند']",1,3,7,21,"[23, 23]"
782d694c-9d7d-54ed-b269-b5fb52e74d18+0,event-21,anchor,ss-36,The Islamist movement Hamas organised anti-Mubarak demonstrations in Gaza .,جنبش اسلامی حماس تظاهرات ضد مکه را در غزه سازماندهی کرد .,organised,کرد,سازماندهی,سازماندهی کرد,"['سازماندهی', 'کرد']",9,10,42,55,"[4, 4]"
782d694c-9d7d-54ed-b269-b5fb52e74d18+12,event-22,agent,ss-6,"Meanwhile , in Gaza , the Islamist movement Hamas organised anti-Mubarak demonstrations .",در همین حال ، در غزه ، جنبش اسلامی حماس تظاهرات ضد مکه را سازماندهی کرد .,the Islamist movement Hamas,را سازماندهی کرد,جنبش اسلامی حماس,جنبش اسلامی حماس,"['جنبش', 'اسلامی', 'حماس']",7,9,23,39,"[5, 8]"
782d694c-9d7d-54ed-b269-b5fb52e74d18+12,event-22,anchor,ss-37,"Meanwhile , in Gaza , the Islamist movement Hamas organised anti-Mubarak demonstrations .",در همین حال ، در غزه ، جنبش اسلامی حماس تظاهرات ضد مکه را سازماندهی کرد .,organised,کرد,سازماندهی,سازماندهی کرد,"['سازماندهی', 'کرد']",14,15,58,71,"[9, 9]"
782d694c-9d7d-54ed-b269-b5fb52e74d18+20,event-19,patient,ss-9,But they overwhelmingly blame Israel and the occupation for their plight .,اما آن ها اسرائیل و اشغال اسرائیل را به خاطر مشکلاتشان سرزنش می کنند .,they,ها,آن‌ها,آن ها,"['آن', 'ها']",1,2,4,9,"[1, 1]"
782d694c-9d7d-54ed-b269-b5fb52e74d18+20,event-2,agent,ss-9,But they overwhelmingly blame Israel and the occupation for their plight .,اما آن ها اسرائیل و اشغال اسرائیل را به خاطر مشکلاتشان سرزنش می کنند .,they,ها,آن‌ها,آن ها,"['آن', 'ها']",1,2,4,9,"[1, 1]"
782d694c-9d7d-54ed-b269-b5fb52e74d18+20,event-32,patient,ss-9,But they overwhelmingly blame Israel and the occupation for their plight .,اما آن ها اسرائیل و اشغال اسرائیل را به خاطر مشکلاتشان سرزنش می کنند .,they,ها,آن‌ها,آن ها,"['آن', 'ها']",1,2,4,9,"[1, 1]"
7b4cfd1f-9f1f-5904-bf93-20b3deec2ef8+7,event-16,patient,ss-15,These will remain closed until further notice .,این ها تا اطلاع ثانوی تعطیل خواهند ماند .,These,ها,این‌ها,این ها,"['این', 'ها']",0,1,0,6,"[0, 0]"
7d036ee4-e375-58e4-b858-065a09296837+4,event-13,agent,ss-5,"They also say some politicians were forced out by alleged scandals without being probed , such as former agriculture minister Nunzia Di Giralomo .",آن ها همچنین می گویند که برخی از سیاستمداران بدون اینکه مورد بازجویی قرار گیرند ، از جمله وزیر کشاورزی سابق ، نونسیا دی ژیرالومو ، به زور از زندان آزاد شدند .,They,ها,آن‌ها,آن ها,"['آن', 'ها']",0,1,0,5,"[0, 0]"
7d036ee4-e375-58e4-b858-065a09296837+4,event-13,anchor,ss-30,"They also say some politicians were forced out by alleged scandals without being probed , such as former agriculture minister Nunzia Di Giralomo .",آن ها همچنین می گویند که برخی از سیاستمداران بدون اینکه مورد بازجویی قرار گیرند ، از جمله وزیر کشاورزی سابق ، نونسیا دی ژیرالومو ، به زور از زندان آزاد شدند .,say,گویند,می‌گویند,می گویند,"['می', 'گویند']",3,4,13,21,"[2, 2]"
7d036ee4-e375-58e4-b858-065a09296837+4,event-21,agent,ss-8,"They also say some politicians were forced out by alleged scandals without being probed , such as former agriculture minister Nunzia Di Giralomo .",آن ها همچنین می گویند که برخی از سیاستمداران بدون اینکه مورد بازجویی قرار گیرند ، از جمله وزیر کشاورزی سابق ، نونسیا دی ژیرالومو ، به زور از زندان آزاد شدند .,some politicians,برخی از سیاستمداران,,برخی از سیاستمداران,"['برخی', 'از', 'سیاستمداران']",6,8,25,44,"[3, 4]"
7d036ee4-e375-58e4-b858-065a09296837+4,event-30,patient,ss-8,"They also say some politicians were forced out by alleged scandals without being probed , such as former agriculture minister Nunzia Di Giralomo .",آن ها همچنین می گویند که برخی از سیاستمداران بدون اینکه مورد بازجویی قرار گیرند ، از جمله وزیر کشاورزی سابق ، نونسیا دی ژیرالومو ، به زور از زندان آزاد شدند .,some politicians,برخی از سیاستمداران,برخی از سیاستمداران,برخی از سیاستمداران,"['برخی', 'از', 'سیاستمداران']",6,8,25,44,"[3, 4]"
7d036ee4-e375-58e4-b858-065a09296837+4,event-32,patient,ss-8,"They also say some politicians were forced out by alleged scandals without being probed , such as former agriculture minister Nunzia Di Giralomo .",آن ها همچنین می گویند که برخی از سیاستمداران بدون اینکه مورد بازجویی قرار گیرند ، از جمله وزیر کشاورزی سابق ، نونسیا دی ژیرالومو ، به زور از زندان آزاد شدند .,some politicians,برخی از سیاستمداران,برخی از سیاستمداران,برخی از سیاستمداران,"['برخی', 'از', 'سیاستمداران']",6,8,25,44,"[3, 4]"
7d036ee4-e375-58e4-b858-065a09296837+4,event-32,anchor,ss-49,"They also say some politicians were forced out by alleged scandals without being probed , such as former agriculture minister Nunzia Di Giralomo .",آن ها همچنین می گویند که برخی از سیاستمداران بدون اینکه مورد بازجویی قرار گیرند ، از جمله وزیر کشاورزی سابق ، نونسیا دی ژیرالومو ، به زور از زندان آزاد شدند .,forced out,زور از زندان آزاد,آزاد,به زور از زندان آزاد شدند,"['به', 'زور', 'از', 'زندان', 'آزاد', 'شدند']",26,31,131,156,"[6, 7]"
7d036ee4-e375-58e4-b858-065a09296837+4,event-21,anchor,ss-38,"They also say some politicians were forced out by alleged scandals without being probed , such as former agriculture minister Nunzia Di Giralomo .",آن ها همچنین می گویند که برخی از سیاستمداران بدون اینکه مورد بازجویی قرار گیرند ، از جمله وزیر کشاورزی سابق ، نونسیا دی ژیرالومو ، به زور از زندان آزاد شدند .,scandals,می,,,[],0,0,0,0,"[10, 10]"
81db06f8-d4e6-50c0-a235-747accabb2c0+9,event-13,agent,ss-10,"Political observers here said the outcome of a Chand-Singh contest would determine whether the assembly assumes greater powers in Nepal &apos;s political system , although they said the king and his palace counselors will likely continue as the real power center .",ناظران سیاسی در اینجا می گویند نتیجه یک مسابقه چاند-سینگ می تواند تعیین کند که آیا مجلس قدرت بیشتری در نظام سیاسی نپال به دست خواهد آورد یا خیر ، اگر چه آن ها می گویند که پادشاه و مشاوران کاخ او احتمالاً به عنوان مرکز قدرت واقعی ادامه خواهند داد .,Political observers,سیاسی,ناظران سیاسی,ناظران سیاسی,"['ناظران', 'سیاسی']",0,1,0,12,"[0, 1]"
81db06f8-d4e6-50c0-a235-747accabb2c0+9,event-14,agent,ss-10,"Political observers here said the outcome of a Chand-Singh contest would determine whether the assembly assumes greater powers in Nepal &apos;s political system , although they said the king and his palace counselors will likely continue as the real power center .",ناظران سیاسی در اینجا می گویند نتیجه یک مسابقه چاند-سینگ می تواند تعیین کند که آیا مجلس قدرت بیشتری در نظام سیاسی نپال به دست خواهد آورد یا خیر ، اگر چه آن ها می گویند که پادشاه و مشاوران کاخ او احتمالاً به عنوان مرکز قدرت واقعی ادامه خواهند داد .,Political observers,سیاسی,ناظران سیاسی,ناظران سیاسی,"['ناظران', 'سیاسی']",0,1,0,12,"[0, 1]"
81db06f8-d4e6-50c0-a235-747accabb2c0+9,event-13,anchor,ss-31,"Political observers here said the outcome of a Chand-Singh contest would determine whether the assembly assumes greater powers in Nepal &apos;s political system , although they said the king and his palace counselors will likely continue as the real power center .",ناظران سیاسی در اینجا می گویند نتیجه یک مسابقه چاند-سینگ می تواند تعیین کند که آیا مجلس قدرت بیشتری در نظام سیاسی نپال به دست خواهد آورد یا خیر ، اگر چه آن ها می گویند که پادشاه و مشاوران کاخ او احتمالاً به عنوان مرکز قدرت واقعی ادامه خواهند داد .,said,گویند,می‌گویند,می گویند,"['می', 'گویند']",4,5,22,30,"[3, 3]"
81db06f8-d4e6-50c0-a235-747accabb2c0+9,event-14,anchor,ss-32,"Political observers here said the outcome of a Chand-Singh contest would determine whether the assembly assumes greater powers in Nepal &apos;s political system , although they said the king and his palace counselors will likely continue as the real power center .",ناظران سیاسی در اینجا می گویند نتیجه یک مسابقه چاند-سینگ می تواند تعیین کند که آیا مجلس قدرت بیشتری در نظام سیاسی نپال به دست خواهد آورد یا خیر ، اگر چه آن ها می گویند که پادشاه و مشاوران کاخ او احتمالاً به عنوان مرکز قدرت واقعی ادامه خواهند داد .,said,گویند,می‌گویند,می گویند,"['می', 'گویند']",4,5,22,30,"[26, 26]"
81db06f8-d4e6-50c0-a235-747accabb2c0+9,event-21,patient,ss-16,"Political observers here said the outcome of a Chand-Singh contest would determine whether the assembly assumes greater powers in Nepal &apos;s political system , although they said the king and his palace counselors will likely continue as the real power center .",ناظران سیاسی در اینجا می گویند نتیجه یک مسابقه چاند-سینگ می تواند تعیین کند که آیا مجلس قدرت بیشتری در نظام سیاسی نپال به دست خواهد آورد یا خیر ، اگر چه آن ها می گویند که پادشاه و مشاوران کاخ او احتمالاً به عنوان مرکز قدرت واقعی ادامه خواهند داد .,Chand-Singh,چاند-سینگ می,چاند-سینگ,چاند-سینگ,['چاند-سینگ'],9,9,47,56,"[8, 8]"
81db06f8-d4e6-50c0-a235-747accabb2c0+9,event-21,patient,ss-17,"Political observers here said the outcome of a Chand-Singh contest would determine whether the assembly assumes greater powers in Nepal &apos;s political system , although they said the king and his palace counselors will likely continue as the real power center .",ناظران سیاسی در اینجا می گویند نتیجه یک مسابقه چاند-سینگ می تواند تعیین کند که آیا مجلس قدرت بیشتری در نظام سیاسی نپال به دست خواهد آورد یا خیر ، اگر چه آن ها می گویند که پادشاه و مشاوران کاخ او احتمالاً به عنوان مرکز قدرت واقعی ادامه خواهند داد .,Chand-Singh,چاند-سینگ می,چاند-سینگ,چاند-سینگ,['چاند-سینگ'],9,9,47,56,"[8, 8]"
81db06f8-d4e6-50c0-a235-747accabb2c0+9,event-13,anchor,ss-31,"Political observers here said the outcome of a Chand-Singh contest would determine whether the assembly assumes greater powers in Nepal &apos;s political system , although they said the king and his palace counselors will likely continue as the real power center .",ناظران سیاسی در اینجا می گویند نتیجه یک مسابقه چاند-سینگ می تواند تعیین کند که آیا مجلس قدرت بیشتری در نظام سیاسی نپال به دست خواهد آورد یا خیر ، اگر چه آن ها می گویند که پادشاه و مشاوران کاخ او احتمالاً به عنوان مرکز قدرت واقعی ادامه خواهند داد .,said,گویند,می‌گویند,می گویند,"['می', 'گویند']",34,35,159,167,"[3, 3]"
81db06f8-d4e6-50c0-a235-747accabb2c0+9,event-14,anchor,ss-32,"Political observers here said the outcome of a Chand-Singh contest would determine whether the assembly assumes greater powers in Nepal &apos;s political system , although they said the king and his palace counselors will likely continue as the real power center .",ناظران سیاسی در اینجا می گویند نتیجه یک مسابقه چاند-سینگ می تواند تعیین کند که آیا مجلس قدرت بیشتری در نظام سیاسی نپال به دست خواهد آورد یا خیر ، اگر چه آن ها می گویند که پادشاه و مشاوران کاخ او احتمالاً به عنوان مرکز قدرت واقعی ادامه خواهند داد .,said,گویند,می‌گویند,می گویند,"['می', 'گویند']",34,35,159,167,"[26, 26]"
864dc540-ef75-56eb-807e-948ae4d35162+3,event-21,anchor,ss-42,"At the same time , leaders here will press the case with diplomats from abroad that the military is the only hope to prevent further chaos in Cairo .",در عین حال رهبران حاضر در اینجا با دیپلمات های خارج از کشور در این مورد بحث می کنند که ارتش تنها امید برای جلوگیری از هرج و مرج بیشتر در قاهره است .,press the case,بحث می کنند که,این مورد بحث می‌کنند,در این مورد بحث می کنند,"['در', 'این', 'مورد', 'بحث', 'می', 'کنند']",13,18,60,83,"[8, 10]"
864dc540-ef75-56eb-807e-948ae4d35162+3,event-21,patient,ss-9,"At the same time , leaders here will press the case with diplomats from abroad that the military is the only hope to prevent further chaos in Cairo .",در عین حال رهبران حاضر در اینجا با دیپلمات های خارج از کشور در این مورد بحث می کنند که ارتش تنها امید برای جلوگیری از هرج و مرج بیشتر در قاهره است .,diplomats,دیپلمات,دیپلمات‌های,دیپلمات های,"['دیپلمات', 'های']",8,9,35,46,"[12, 12]"
8f89a335-8cfd-59ce-89f8-3a5269dd2c9d+2,event-14,agent,ss-2,"While Taiwan ’ s initial efforts to control the spread of the virus have won praise at home and abroad , it is now facing an upsurge in cases from people bringing the virus with them to the island , as are some other countries in Asia .",در حالی که تلاش های اولیه تایوان برای کنترل گسترش ویروس در داخل و خارج از کشور مورد تحسین قرار گرفته است ، اما در حال حاضر با افزایش موارد ابتلا به این ویروس از طریق افرادی که این ویروس را با خود به جزیره می آورند ، مواجه است .,the virus,به این ویروس,ویروس,ویروس,['ویروس'],10,10,50,55,"[11, 12]"
8f89a335-8cfd-59ce-89f8-3a5269dd2c9d+2,event-16,agent,ss-2,"While Taiwan ’ s initial efforts to control the spread of the virus have won praise at home and abroad , it is now facing an upsurge in cases from people bringing the virus with them to the island , as are some other countries in Asia .",در حالی که تلاش های اولیه تایوان برای کنترل گسترش ویروس در داخل و خارج از کشور مورد تحسین قرار گرفته است ، اما در حال حاضر با افزایش موارد ابتلا به این ویروس از طریق افرادی که این ویروس را با خود به جزیره می آورند ، مواجه است .,the virus,به این ویروس,ویروس,ویروس,['ویروس'],10,10,50,55,"[11, 12]"
8f89a335-8cfd-59ce-89f8-3a5269dd2c9d+2,event-16,patient,ss-14,"While Taiwan ’ s initial efforts to control the spread of the virus have won praise at home and abroad , it is now facing an upsurge in cases from people bringing the virus with them to the island , as are some other countries in Asia .",در حالی که تلاش های اولیه تایوان برای کنترل گسترش ویروس در داخل و خارج از کشور مورد تحسین قرار گرفته است ، اما در حال حاضر با افزایش موارد ابتلا به این ویروس از طریق افرادی که این ویروس را با خود به جزیره می آورند ، مواجه است .,the island,از کشور,جزیره,جزیره,['جزیره'],44,44,199,204,"[37, 38]"
8f89a335-8cfd-59ce-89f8-3a5269dd2c9d+2,event-4,patient,ss-14,"While Taiwan ’ s initial efforts to control the spread of the virus have won praise at home and abroad , it is now facing an upsurge in cases from people bringing the virus with them to the island , as are some other countries in Asia .",در حالی که تلاش های اولیه تایوان برای کنترل گسترش ویروس در داخل و خارج از کشور مورد تحسین قرار گرفته است ، اما در حال حاضر با افزایش موارد ابتلا به این ویروس از طریق افرادی که این ویروس را با خود به جزیره می آورند ، مواجه است .,the island,از کشور,جزیره,جزیره,['جزیره'],44,44,199,204,"[37, 38]"
97bd1bd4-8a41-51e4-9130-d9b20977a37e+2,event-18,patient,ss-4,Supporters of an extreme right party which entered Greece &apos;s parliament for the first time in the 6 May elections have clashed with police during an anti-immigrant protest in the western port of Patras .,حامیان یک حزب راست افراطی که برای اولین بار در انتخابات ۶ مه برای اولین بار وارد پارلمان یونان شد ، در جریان یک تظاهرات ضد مهاجرتی در بندر غربی پاتراس با پلیس درگیر شدند .,Greece &apos;s parliament,پارلمان,پارلمان یونان,پارلمان یونان,"['پارلمان', 'یونان']",17,18,81,94,"[8, 10]"
98749ded-9acd-55cb-9bd0-df082f20fee5+0,event-13,patient,ss-7,Death toll in December &apos;s Cairo church bombing rises to 29,مرگ و میر در بمباران کلیسای قاهره در دسامبر به ۲۹ نفر افزایش یافت .,Cairo church,کلیسای,کلیسای قاهره,کلیسای قاهره,"['کلیسای', 'قاهره']",5,6,21,33,"[5, 6]"
98749ded-9acd-55cb-9bd0-df082f20fee5+0,event-8,patient,ss-1,Death toll in December &apos;s Cairo church bombing rises to 29,مرگ و میر در بمباران کلیسای قاهره در دسامبر به ۲۹ نفر افزایش یافت .,29,۲۹,,۲۹,['۲۹'],10,10,47,49,"[10, 10]"
98a1dcae-9f2a-508c-929c-6ff46e226db9+1,event-14,patient,ss-1,"Colombia &apos;s main rebel group , the Revolutionary Armed Forces of Colombia , or FARC , has released a video of an abducted congressman as proof the politician is alive .",گروه شورشی اصلی کلمبیا ، نیروهای مسلح انقلابی کلمبیا ، یا فارک ، ویدئویی از یک نماینده کنگره ربوده شده منتشر کرده اند تا ثابت کنند که او زنده است .,an abducted congressman,یک نماینده,یک نماینده کنگره ربوده,یک نماینده کنگره ربوده شده,"['یک', 'نماینده', 'کنگره', 'ربوده', 'شده']",15,19,76,102,"[21, 23]"
98a1dcae-9f2a-508c-929c-6ff46e226db9+1,event-2,patient,ss-1,"Colombia &apos;s main rebel group , the Revolutionary Armed Forces of Colombia , or FARC , has released a video of an abducted congressman as proof the politician is alive .",گروه شورشی اصلی کلمبیا ، نیروهای مسلح انقلابی کلمبیا ، یا فارک ، ویدئویی از یک نماینده کنگره ربوده شده منتشر کرده اند تا ثابت کنند که او زنده است .,an abducted congressman,یک نماینده,یک نماینده کنگره ربوده,یک نماینده کنگره ربوده شده,"['یک', 'نماینده', 'کنگره', 'ربوده', 'شده']",15,19,76,102,"[21, 23]"
98a1dcae-9f2a-508c-929c-6ff46e226db9+7,event-11,anchor,ss-28,"Established as the military wing of the Colombian Communist Party in 1964 , FARC is Colombia &apos; s oldest , largest and best-equipped Marxist rebel group , according to the U.S. Department of State .",این سازمان به عنوان شاخه نظامی حزب کمونیست کلمبیا در سال ۱۹۶۴ تأسیس شد و قدیمی ترین ، بزرگترین و مجهزترین گروه شورشی مارکسیستی در کلمبیا است .,according,.,,,[],0,0,0,0,"[27, 27]"
98a1dcae-9f2a-508c-929c-6ff46e226db9+7,event-11,agent,ss-16,"Established as the military wing of the Colombian Communist Party in 1964 , FARC is Colombia &apos; s oldest , largest and best-equipped Marxist rebel group , according to the U.S. Department of State .",این سازمان به عنوان شاخه نظامی حزب کمونیست کلمبیا در سال ۱۹۶۴ تأسیس شد و قدیمی ترین ، بزرگترین و مجهزترین گروه شورشی مارکسیستی در کلمبیا است .,the U.S. Department of State,.,,,[],0,0,0,0,"[29, 33]"
9aa98aa3-9e57-5441-bfeb-04306c24f4e4+1,event-6,patient,ss-1,A Catholic archbishop was kidnapped today in the northern Iraqi city of Mosul .,یک اسقف اعظم کاتولیک در شهر موصل در شمال عراق ربوده شد .,A Catholic archbishop,یک اسقف,یک اسقف اعظم کاتولیک,یک اسقف اعظم کاتولیک,"['یک', 'اسقف', 'اعظم', 'کاتولیک']",0,3,0,20,"[0, 2]"
9aa98aa3-9e57-5441-bfeb-04306c24f4e4+2,event-1,anchor,ss-17,"Witnesses said Basile Georges Casmoussa , 66 , was seized by gunmen as he was walking in front of his church .",شاهدها می گویند که باسیل ژرژ کاسماسا ۶۶ ساله هنگام عبور از جلوی کلیسا توسط افراد مسلح دستگیر شد .,said,گویند,می‌گویند,می گویند,"['می', 'گویند']",1,2,7,15,"[1, 1]"
9ca065ad-c8eb-53b6-a8b3-aea777c53d90+0,event-25,agent,ss-13,"As Mubarak Digs In , U.S. Policy in Egypt Is Complicated",همان طور که مبارک در مصر نفوذ می کند ، سیاست آمریکا در مصر پیچیده است .,U.S.,آمریکا در,آمریکا,آمریکا,['آمریکا'],11,11,45,51,"[5, 5]"
9ca065ad-c8eb-53b6-a8b3-aea777c53d90+10,event-10,agent,ss-9,"But human rights advocates say that so far Mr. Suleiman , who also is in charge of Egyptian intelligence , has shown no sign of discontinuing the practice of extra-legal detention of political opponents — a hallmark of President Hosni Mubarak ’ s nearly 30-year rule that is a central grievance of the protesters in the streets .",اما مدافعان حقوق بشر می گویند که تا به حال آقای سلیمان که مسئول اطلاعات مصر نیز هست ، هیچ نشانه ای از توقف حبس بیش از حد قانونی مخالفان سیاسی نشان نداده است - این نشانه بارز حکومت تقریباً ۳۰ ساله حسنی مبارک رئیس جمهور مصر است که شکایت اصلی معترضان در خیابان ها است .,human rights advocates,بشر می,مدافعان حقوق بشر,مدافعان حقوق بشر,"['مدافعان', 'حقوق', 'بشر']",1,3,4,20,"[1, 3]"
9ca065ad-c8eb-53b6-a8b3-aea777c53d90+10,event-10,anchor,ss-34,"But human rights advocates say that so far Mr. Suleiman , who also is in charge of Egyptian intelligence , has shown no sign of discontinuing the practice of extra-legal detention of political opponents — a hallmark of President Hosni Mubarak ’ s nearly 30-year rule that is a central grievance of the protesters in the streets .",اما مدافعان حقوق بشر می گویند که تا به حال آقای سلیمان که مسئول اطلاعات مصر نیز هست ، هیچ نشانه ای از توقف حبس بیش از حد قانونی مخالفان سیاسی نشان نداده است - این نشانه بارز حکومت تقریباً ۳۰ ساله حسنی مبارک رئیس جمهور مصر است که شکایت اصلی معترضان در خیابان ها است .,say,گویند,می‌گویند,می گویند,"['می', 'گویند']",4,5,21,29,"[4, 4]"
9ca065ad-c8eb-53b6-a8b3-aea777c53d90+10,event-23,agent,ss-10,"But human rights advocates say that so far Mr. Suleiman , who also is in charge of Egyptian intelligence , has shown no sign of discontinuing the practice of extra-legal detention of political opponents — a hallmark of President Hosni Mubarak ’ s nearly 30-year rule that is a central grievance of the protesters in the streets .",اما مدافعان حقوق بشر می گویند که تا به حال آقای سلیمان که مسئول اطلاعات مصر نیز هست ، هیچ نشانه ای از توقف حبس بیش از حد قانونی مخالفان سیاسی نشان نداده است - این نشانه بارز حکومت تقریباً ۳۰ ساله حسنی مبارک رئیس جمهور مصر است که شکایت اصلی معترضان در خیابان ها است .,Egyptian intelligence,اطلاعات,اطلاعات مصر,اطلاعات مصر,"['اطلاعات', 'مصر']",14,15,64,75,"[17, 18]"
9ca065ad-c8eb-53b6-a8b3-aea777c53d90+10,event-23,patient,ss-11,"But human rights advocates say that so far Mr. Suleiman , who also is in charge of Egyptian intelligence , has shown no sign of discontinuing the practice of extra-legal detention of political opponents — a hallmark of President Hosni Mubarak ’ s nearly 30-year rule that is a central grievance of the protesters in the streets .",اما مدافعان حقوق بشر می گویند که تا به حال آقای سلیمان که مسئول اطلاعات مصر نیز هست ، هیچ نشانه ای از توقف حبس بیش از حد قانونی مخالفان سیاسی نشان نداده است - این نشانه بارز حکومت تقریباً ۳۰ ساله حسنی مبارک رئیس جمهور مصر است که شکایت اصلی معترضان در خیابان ها است .,political opponents,سیاسی,مخالفان سیاسی,مخالفان سیاسی,"['مخالفان', 'سیاسی']",29,30,128,141,"[32, 33]"
a482a16c-47cc-5625-ae6e-a6b0718bd098+1,event-10,agent,ss-2,"An outbreak of Ebola hemorrhagic fever in West Africa has spread to Guinea &apos;s capital and beyond its borders in an &quot; unprecedented epidemic , &quot; a leading aid agency reported Monday .",یک شیوع تب واگیر ابولا در غرب آفریقا به پایتخت گینه و فراتر از مرزهای آن در یک « همه گیری بی سابقه » گزارش داده است .,Ebola hemorrhagic fever,ابولا,تب واگیر ابولا,تب واگیر ابولا,"['تب', 'واگیر', 'ابولا']",2,4,8,22,"[3, 5]"
a482a16c-47cc-5625-ae6e-a6b0718bd098+1,event-11,agent,ss-2,"An outbreak of Ebola hemorrhagic fever in West Africa has spread to Guinea &apos;s capital and beyond its borders in an &quot; unprecedented epidemic , &quot; a leading aid agency reported Monday .",یک شیوع تب واگیر ابولا در غرب آفریقا به پایتخت گینه و فراتر از مرزهای آن در یک « همه گیری بی سابقه » گزارش داده است .,Ebola hemorrhagic fever,ابولا,تب واگیر ابولا,تب واگیر ابولا,"['تب', 'واگیر', 'ابولا']",2,4,8,22,"[3, 5]"
a482a16c-47cc-5625-ae6e-a6b0718bd098+1,event-11,anchor,ss-24,"An outbreak of Ebola hemorrhagic fever in West Africa has spread to Guinea &apos;s capital and beyond its borders in an &quot; unprecedented epidemic , &quot; a leading aid agency reported Monday .",یک شیوع تب واگیر ابولا در غرب آفریقا به پایتخت گینه و فراتر از مرزهای آن در یک « همه گیری بی سابقه » گزارش داده است .,epidemic,گیری,همه‌گیری,همه گیری,"['همه', 'گیری']",19,20,81,89,"[23, 23]"
a482a16c-47cc-5625-ae6e-a6b0718bd098+1,event-1,agent,ss-1,"An outbreak of Ebola hemorrhagic fever in West Africa has spread to Guinea &apos;s capital and beyond its borders in an &quot; unprecedented epidemic , &quot; a leading aid agency reported Monday .",یک شیوع تب واگیر ابولا در غرب آفریقا به پایتخت گینه و فراتر از مرزهای آن در یک « همه گیری بی سابقه » گزارش داده است .,a leading aid agency,داده,,,[],0,0,0,0,"[26, 29]"
a813a8fa-2efc-5b7d-ac94-4b73fc9b71a3+1,event-14,agent,ss-1,A 49-year-old doctor was arrested Saturday for throwing a shoe at Greek Prime Minister George Papandreou in protest of the government &apos;s austerity measures .,یک دکتر چهل و نه ساله به دلیل اصابت یک کفش به نخست وزیر یونان جورج پاپولدو در اعتراض به اقدامات تحمیلی دولت دستگیر شد .,A 49-year-old doctor,یک دکتر,یک دکتر چهل و نه ساله,یک دکتر چهل و نه ساله,"['یک', 'دکتر', 'چهل', 'و', 'نه', 'ساله']",0,5,0,21,"[0, 2]"
a813a8fa-2efc-5b7d-ac94-4b73fc9b71a3+1,event-28,patient,ss-1,A 49-year-old doctor was arrested Saturday for throwing a shoe at Greek Prime Minister George Papandreou in protest of the government &apos;s austerity measures .,یک دکتر چهل و نه ساله به دلیل اصابت یک کفش به نخست وزیر یونان جورج پاپولدو در اعتراض به اقدامات تحمیلی دولت دستگیر شد .,A 49-year-old doctor,یک دکتر,یک دکتر چهل و نه ساله,یک دکتر چهل و نه ساله,"['یک', 'دکتر', 'چهل', 'و', 'نه', 'ساله']",0,5,0,21,"[0, 2]"
a813a8fa-2efc-5b7d-ac94-4b73fc9b71a3+1,event-14,patient,ss-2,A 49-year-old doctor was arrested Saturday for throwing a shoe at Greek Prime Minister George Papandreou in protest of the government &apos;s austerity measures .,یک دکتر چهل و نه ساله به دلیل اصابت یک کفش به نخست وزیر یونان جورج پاپولدو در اعتراض به اقدامات تحمیلی دولت دستگیر شد .,Greek Prime Minister George Papandreou,یونان جورج پاپولدو,نخست‌وزیر یونان جورج پاپولدو,نخست وزیر یونان جورج پاپولدو,"['نخست', 'وزیر', 'یونان', 'جورج', 'پاپولدو']",12,16,46,74,"[11, 15]"
a813a8fa-2efc-5b7d-ac94-4b73fc9b71a3+1,event-22,agent,ss-3,A 49-year-old doctor was arrested Saturday for throwing a shoe at Greek Prime Minister George Papandreou in protest of the government &apos;s austerity measures .,یک دکتر چهل و نه ساله به دلیل اصابت یک کفش به نخست وزیر یونان جورج پاپولدو در اعتراض به اقدامات تحمیلی دولت دستگیر شد .,the government,و نه ساله به,دولت,دولت,['دولت'],22,22,103,107,"[19, 20]"
a8c27333-43b2-5b8a-a331-9fee8c37c438+4,event-13,patient,ss-9,"&quot; We knew he attended school in Yemen , and one of the mosques he was visiting in Sanaa we &apos;ve been surveilling and questioning some of the people there to see whether he has links or not , &quot; he said .",او می گوید : « ما می دانستیم که او به مدرسه ای در یمن می رود و یکی از مساجد در صنعا را ملاقات می کند .,one of the mosques,یکی از مساجد,,یکی از مساجد,"['یکی', 'از', 'مساجد']",18,20,63,75,"[10, 13]"
a8c27333-43b2-5b8a-a331-9fee8c37c438+4,event-13,agent,ss-3,"&quot; We knew he attended school in Yemen , and one of the mosques he was visiting in Sanaa we &apos;ve been surveilling and questioning some of the people there to see whether he has links or not , &quot; he said .",او می گوید : « ما می دانستیم که او به مدرسه ای در یمن می رود و یکی از مساجد در صنعا را ملاقات می کند .,we,ما,,,[],0,0,0,0,"[19, 19]"
a8c27333-43b2-5b8a-a331-9fee8c37c438+4,event-18,agent,ss-3,"&quot; We knew he attended school in Yemen , and one of the mosques he was visiting in Sanaa we &apos;ve been surveilling and questioning some of the people there to see whether he has links or not , &quot; he said .",او می گوید : « ما می دانستیم که او به مدرسه ای در یمن می رود و یکی از مساجد در صنعا را ملاقات می کند .,we,ما,,,[],0,0,0,0,"[19, 19]"
a8c27333-43b2-5b8a-a331-9fee8c37c438+4,event-13,anchor,ss-27,"&quot; We knew he attended school in Yemen , and one of the mosques he was visiting in Sanaa we &apos;ve been surveilling and questioning some of the people there to see whether he has links or not , &quot; he said .",او می گوید : « ما می دانستیم که او به مدرسه ای در یمن می رود و یکی از مساجد در صنعا را ملاقات می کند .,surveilling,می,,,[],0,0,0,0,"[22, 22]"
a8c27333-43b2-5b8a-a331-9fee8c37c438+4,event-18,anchor,ss-32,"&quot; We knew he attended school in Yemen , and one of the mosques he was visiting in Sanaa we &apos;ve been surveilling and questioning some of the people there to see whether he has links or not , &quot; he said .",او می گوید : « ما می دانستیم که او به مدرسه ای در یمن می رود و یکی از مساجد در صنعا را ملاقات می کند .,questioning,می,,,[],0,0,0,0,"[24, 24]"
a8c27333-43b2-5b8a-a331-9fee8c37c438+4,event-18,patient,ss-8,"&quot; We knew he attended school in Yemen , and one of the mosques he was visiting in Sanaa we &apos;ve been surveilling and questioning some of the people there to see whether he has links or not , &quot; he said .",او می گوید : « ما می دانستیم که او به مدرسه ای در یمن می رود و یکی از مساجد در صنعا را ملاقات می کند .,some of the people,می,,,[],0,0,0,0,"[25, 28]"
a8c27333-43b2-5b8a-a331-9fee8c37c438+4,event-7,anchor,ss-21,"&quot; We knew he attended school in Yemen , and one of the mosques he was visiting in Sanaa we &apos;ve been surveilling and questioning some of the people there to see whether he has links or not , &quot; he said .",او می گوید : « ما می دانستیم که او به مدرسه ای در یمن می رود و یکی از مساجد در صنعا را ملاقات می کند .,said,گوید,می‌گوید,می گوید,"['می', 'گوید']",1,2,3,10,"[41, 41]"
a8c27333-43b2-5b8a-a331-9fee8c37c438+7,event-3,anchor,ss-17,"AbdulMutallab bought his ticket to travel from Lagos , Nigeria , to Detroit , Michigan , via Amsterdam the day before the first attack , according to Nigerian officials .",بنا به گفته مقامات نیجریه ، عبدالملوک بلیط سفر خود را از لاگوس نیجریه به دیترویت در میشیگان ، روز قبل از حمله اول از طریق آمستردام خریده است .,according,به,بنا,بنا به گفته,"['بنا', 'به', 'گفته']",0,2,0,11,"[25, 25]"
a8c27333-43b2-5b8a-a331-9fee8c37c438+7,event-3,agent,ss-1,"AbdulMutallab bought his ticket to travel from Lagos , Nigeria , to Detroit , Michigan , via Amsterdam the day before the first attack , according to Nigerian officials .",بنا به گفته مقامات نیجریه ، عبدالملوک بلیط سفر خود را از لاگوس نیجریه به دیترویت در میشیگان ، روز قبل از حمله اول از طریق آمستردام خریده است .,Nigerian officials,مقامات,مقامات نیجریه,مقامات نیجریه,"['مقامات', 'نیجریه']",3,4,12,25,"[27, 28]"
aaecf230-a8fd-569a-9e4f-02977513dd68+0,event-1,patient,ss-1,Egypt names new foreign minister,مصر نام وزیر امور خارجه جدید را بر آن نهاد .,new foreign minister,جدید,وزیر امور خارجه جدید,وزیر امور خارجه جدید,"['وزیر', 'امور', 'خارجه', 'جدید']",2,5,8,28,"[2, 4]"
acbd122b-bfed-5ee7-b810-128fd817a951+4,event-26,patient,ss-1,After the 14 were suspended – all on full pay – Pentonville was forced to close a wing as it had insufficient staff to make it secure .,پس از اینکه ۱۴ نفر به طور کامل تعلیق شدند ، پنتنویل مجبور به بستن یک بخش شد ، زیرا کارکنان کافی برای اطمینان از این امر نداشت .,the 14,۱۴,,۱۴ نفر,"['۱۴', 'نفر']",3,4,12,18,"[1, 2]"
acbd122b-bfed-5ee7-b810-128fd817a951+7,event-15,patient,ss-5,"Two of the 14 officers were charged and found guilty , but both these convictions were overturned on appeal .",دو تن از ۱۴ افسر متهم و گناهکار شناخته شدند ، اما هر دو این محکومیت ها در فرجام خواهی لغو شد .,Two of the 14 officers,تن از ۱۴ افسر,دو تن از ۱۴ افسر,دو تن از ۱۴ افسر,"['دو', 'تن', 'از', '۱۴', 'افسر']",0,4,0,16,"[0, 4]"
acbd122b-bfed-5ee7-b810-128fd817a951+7,event-16,patient,ss-5,"Two of the 14 officers were charged and found guilty , but both these convictions were overturned on appeal .",دو تن از ۱۴ افسر متهم و گناهکار شناخته شدند ، اما هر دو این محکومیت ها در فرجام خواهی لغو شد .,Two of the 14 officers,تن از ۱۴ افسر,دو تن از ۱۴ افسر,دو تن از ۱۴ افسر,"['دو', 'تن', 'از', '۱۴', 'افسر']",0,4,0,16,"[0, 4]"
acbd122b-bfed-5ee7-b810-128fd817a951+7,event-17,patient,ss-5,"Two of the 14 officers were charged and found guilty , but both these convictions were overturned on appeal .",دو تن از ۱۴ افسر متهم و گناهکار شناخته شدند ، اما هر دو این محکومیت ها در فرجام خواهی لغو شد .,Two of the 14 officers,تن از ۱۴ افسر,دو تن از ۱۴ افسر,دو تن از ۱۴ افسر,"['دو', 'تن', 'از', '۱۴', 'افسر']",0,4,0,16,"[0, 4]"
acbd122b-bfed-5ee7-b810-128fd817a951+7,event-19,patient,ss-5,"Two of the 14 officers were charged and found guilty , but both these convictions were overturned on appeal .",دو تن از ۱۴ افسر متهم و گناهکار شناخته شدند ، اما هر دو این محکومیت ها در فرجام خواهی لغو شد .,Two of the 14 officers,تن از ۱۴ افسر,دو تن از ۱۴ افسر,دو تن از ۱۴ افسر,"['دو', 'تن', 'از', '۱۴', 'افسر']",0,4,0,16,"[0, 4]"
acbd122b-bfed-5ee7-b810-128fd817a951+7,event-16,anchor,ss-29,"Two of the 14 officers were charged and found guilty , but both these convictions were overturned on appeal .",دو تن از ۱۴ افسر متهم و گناهکار شناخته شدند ، اما هر دو این محکومیت ها در فرجام خواهی لغو شد .,found guilty,و گناهکار,گناهکار شناخته,گناهکار شناخته شدند,"['گناهکار', 'شناخته', 'شدند']",7,9,24,43,"[8, 9]"
acbd122b-bfed-5ee7-b810-128fd817a951+7,event-19,anchor,ss-32,"Two of the 14 officers were charged and found guilty , but both these convictions were overturned on appeal .",دو تن از ۱۴ افسر متهم و گناهکار شناخته شدند ، اما هر دو این محکومیت ها در فرجام خواهی لغو شد .,appeal,خواهی,فرجام‌خواهی,فرجام خواهی,"['فرجام', 'خواهی']",18,19,74,85,"[18, 18]"
bb3db4ea-c13d-5bda-9354-8e5024966d00+0,event-11,anchor,ss-31,Teenager jailed for seven years for attack on Jewish teacher in France,نوجوان به جرم حمله به معلم یهودی در فرانسه به هفت سال زندان محکوم شد .,jailed,زندان,زندان محکوم شد,زندان محکوم شد,"['زندان', 'محکوم', 'شد']",12,14,54,68,"[1, 1]"
bb3db4ea-c13d-5bda-9354-8e5024966d00+0,event-15,patient,ss-2,Teenager jailed for seven years for attack on Jewish teacher in France,نوجوان به جرم حمله به معلم یهودی در فرانسه به هفت سال زندان محکوم شد .,Jewish teacher,معلم,معلم یهودی,معلم یهودی,"['معلم', 'یهودی']",5,6,22,32,"[8, 9]"
bca478b9-c71b-5026-b974-d05a13ac4e4c+3,event-1,agent,ss-32,"Israel says the military assault is in response to ongoing rocket strikes on Israel , which have killed two Israelis .",اسرائیل می گوید حملات موشکی در پاسخ به اسرائیل در حال انجام است که دو اسرائیلی را کشت .,Israel,اسرائیل,اسرائیل,اسرائیل,['اسرائیل'],0,0,0,7,"[0, 0]"
bca478b9-c71b-5026-b974-d05a13ac4e4c+3,event-34,agent,ss-32,"Israel says the military assault is in response to ongoing rocket strikes on Israel , which have killed two Israelis .",اسرائیل می گوید حملات موشکی در پاسخ به اسرائیل در حال انجام است که دو اسرائیلی را کشت .,Israel,اسرائیل,,اسرائیل,['اسرائیل'],0,0,0,7,"[0, 0]"
bca478b9-c71b-5026-b974-d05a13ac4e4c+3,event-35,patient,ss-32,"Israel says the military assault is in response to ongoing rocket strikes on Israel , which have killed two Israelis .",اسرائیل می گوید حملات موشکی در پاسخ به اسرائیل در حال انجام است که دو اسرائیلی را کشت .,Israel,اسرائیل,اسرائیل,اسرائیل,['اسرائیل'],0,0,0,7,"[0, 0]"
bca478b9-c71b-5026-b974-d05a13ac4e4c+3,event-1,anchor,ss-75,"Israel says the military assault is in response to ongoing rocket strikes on Israel , which have killed two Israelis .",اسرائیل می گوید حملات موشکی در پاسخ به اسرائیل در حال انجام است که دو اسرائیلی را کشت .,says,گوید,می‌گوید,می گوید,"['می', 'گوید']",1,2,8,15,"[1, 1]"
bca478b9-c71b-5026-b974-d05a13ac4e4c+3,event-34,anchor,ss-108,"Israel says the military assault is in response to ongoing rocket strikes on Israel , which have killed two Israelis .",اسرائیل می گوید حملات موشکی در پاسخ به اسرائیل در حال انجام است که دو اسرائیلی را کشت .,assault,حملات,,حملات,['حملات'],3,3,16,21,"[4, 4]"
bca478b9-c71b-5026-b974-d05a13ac4e4c+3,event-46,anchor,ss-120,"Israel says the military assault is in response to ongoing rocket strikes on Israel , which have killed two Israelis .",اسرائیل می گوید حملات موشکی در پاسخ به اسرائیل در حال انجام است که دو اسرائیلی را کشت .,killed,را,کشت,کشت,['کشت'],17,17,82,85,"[17, 17]"
c1a951c5-c2c8-5a10-b03d-e9751ec98631+2,event-14,agent,ss-21,"The two cars exploded when security forces fired at them after their drivers refused to stop near a police station in the Northern Sinai town of Sheikh Zuweid , security sources said .",این دو خودرو وقتی منفجر شدند که نیروهای امنیتی به آن ها شلیک کردند که رانندگان آن ها از توقف در نزدیکی یک ایستگاه پلیس در شمال سینا خودداری کردند .,security forces,نیروهای,نیروهای امنیتی,نیروهای امنیتی,"['نیروهای', 'امنیتی']",7,8,32,46,"[5, 6]"
c1a951c5-c2c8-5a10-b03d-e9751ec98631+2,event-14,patient,ss-23,"The two cars exploded when security forces fired at them after their drivers refused to stop near a police station in the Northern Sinai town of Sheikh Zuweid , security sources said .",این دو خودرو وقتی منفجر شدند که نیروهای امنیتی به آن ها شلیک کردند که رانندگان آن ها از توقف در نزدیکی یک ایستگاه پلیس در شمال سینا خودداری کردند .,their drivers,رانندگان,رانندگان آن‌ها,رانندگان آن ها,"['رانندگان', 'آن', 'ها']",15,17,70,84,"[11, 12]"
c1a951c5-c2c8-5a10-b03d-e9751ec98631+2,event-8,agent,ss-4,"The two cars exploded when security forces fired at them after their drivers refused to stop near a police station in the Northern Sinai town of Sheikh Zuweid , security sources said .",این دو خودرو وقتی منفجر شدند که نیروهای امنیتی به آن ها شلیک کردند که رانندگان آن ها از توقف در نزدیکی یک ایستگاه پلیس در شمال سینا خودداری کردند .,security sources,امنیتی,,,[],0,0,0,0,"[29, 30]"
c1a951c5-c2c8-5a10-b03d-e9751ec98631+2,event-8,anchor,ss-41,"The two cars exploded when security forces fired at them after their drivers refused to stop near a police station in the Northern Sinai town of Sheikh Zuweid , security sources said .",این دو خودرو وقتی منفجر شدند که نیروهای امنیتی به آن ها شلیک کردند که رانندگان آن ها از توقف در نزدیکی یک ایستگاه پلیس در شمال سینا خودداری کردند .,said,.,,,[],0,0,0,0,"[31, 31]"
c252eb69-7f9d-513e-aeb8-320f03b14a88+10,event-10,agent,ss-1,The men had said they were innocent and claimed they were tortured in jail .,مردان گفته بودند که بیگناه هستند و در زندان شکنجه شده اند .,The men,مردان,مردان,مردان,['مردان'],0,0,0,5,"[0, 1]"
c252eb69-7f9d-513e-aeb8-320f03b14a88+10,event-11,agent,ss-1,The men had said they were innocent and claimed they were tortured in jail .,مردان گفته بودند که بیگناه هستند و در زندان شکنجه شده اند .,The men,مردان,,مردان,['مردان'],0,0,0,5,"[0, 1]"
c252eb69-7f9d-513e-aeb8-320f03b14a88+10,event-28,patient,ss-1,The men had said they were innocent and claimed they were tortured in jail .,مردان گفته بودند که بیگناه هستند و در زندان شکنجه شده اند .,The men,مردان,مردان,مردان,['مردان'],0,0,0,5,"[0, 1]"
c252eb69-7f9d-513e-aeb8-320f03b14a88+10,event-33,patient,ss-1,The men had said they were innocent and claimed they were tortured in jail .,مردان گفته بودند که بیگناه هستند و در زندان شکنجه شده اند .,The men,مردان,مردان,مردان,['مردان'],0,0,0,5,"[0, 1]"
c252eb69-7f9d-513e-aeb8-320f03b14a88+10,event-11,anchor,ss-37,The men had said they were innocent and claimed they were tortured in jail .,مردان گفته بودند که بیگناه هستند و در زندان شکنجه شده اند .,claimed,گفته,,,[],0,0,0,0,"[8, 8]"
c252eb69-7f9d-513e-aeb8-320f03b14a88+2,event-22,patient,ss-1,"The men , dubbed the &quot; D.C. Five , &quot; will also have to pay a fine of 75,000 Pakistani rupees ( $ 878 ) , public prosecutor Nadim Cheema said .",دادستان کل نادیم چما می گوید : این پنج مرد باید جریمه ۷۵۰۰۰ روپیه پاکستان ( ۸۷۸ دلار ) پرداخت کنند .,the &quot; D.C. Five,این پنج,پنج,,[],0,0,0,0,"[4, 7]"
c252eb69-7f9d-513e-aeb8-320f03b14a88+2,event-2,anchor,ss-28,"The men , dubbed the &quot; D.C. Five , &quot; will also have to pay a fine of 75,000 Pakistani rupees ( $ 878 ) , public prosecutor Nadim Cheema said .",دادستان کل نادیم چما می گوید : این پنج مرد باید جریمه ۷۵۰۰۰ روپیه پاکستان ( ۸۷۸ دلار ) پرداخت کنند .,said,گوید,می‌گوید,می گوید,"['می', 'گوید']",4,5,21,28,"[30, 30]"
c5fac00e-501b-562f-aab5-9f613d29eb20+10,event-2,agent,ss-15,"Rousseff herself has not been named in the investigation , but former Petrobras executives have told investigators that construction companies paid millions of dollars in bribes to secure lucrative contracts .",خود روسف در این تحقیقات نام برده نشده است ، اما مدیران سابق پتروبراس به محققان گفته اند که شرکت های ساخت و ساز میلیون ها دلار رشوه داده اند تا قراردادهای پرسود را تضمین کنند .,Petrobras,ساخت و,پتروبراس,پتروبراس,['پتروبراس'],13,13,60,68,"[12, 12]"
c5fac00e-501b-562f-aab5-9f613d29eb20+7,event-8,agent,ss-5,The presidential office did not comment on the PSDB &apos;s allegations .,دفتر ریاست جمهوری در مورد اتهامات DPDB اظهار نظر نکرد .,The presidential office,.,دفتر ریاست,دفتر ریاست جمهوری,"['دفتر', 'ریاست', 'جمهوری']",0,2,0,17,"[0, 2]"
c5fac00e-501b-562f-aab5-9f613d29eb20+7,event-8,anchor,ss-24,The presidential office did not comment on the PSDB &apos;s allegations .,دفتر ریاست جمهوری در مورد اتهامات DPDB اظهار نظر نکرد .,comment,نظر,اظهار نظر,اظهار نظر نکرد,"['اظهار', 'نظر', 'نکرد']",7,9,39,53,"[5, 5]"
c8e9484f-1b54-58ed-9139-74db41d1bd6b+1,event-11,anchor,ss-25,Egypt braced for further unrest on Friday with supporters of deposed president Mohammed Mursi calling for mass protests against the army takeover .,مصر برای ناآرامی های بیشتری در روز جمعه با حامیان محمد مورسی رئیس جمهور سرنگون شده آماده می شد و خواستار اعتراضات گسترده علیه سلطه ارتش شد .,unrest,ناآرامی,ناآرامی‌های,ناآرامی های,"['ناآرامی', 'های']",2,3,9,20,"[4, 4]"
c8e9484f-1b54-58ed-9139-74db41d1bd6b+1,event-12,patient,ss-8,Egypt braced for further unrest on Friday with supporters of deposed president Mohammed Mursi calling for mass protests against the army takeover .,مصر برای ناآرامی های بیشتری در روز جمعه با حامیان محمد مورسی رئیس جمهور سرنگون شده آماده می شد و خواستار اعتراضات گسترده علیه سلطه ارتش شد .,deposed president Mohammed Mursi,سرنگون شده,محمد مورسی رئیس‌جمهور سرنگون,محمد مورسی رئیس جمهور سرنگون شده,"['محمد', 'مورسی', 'رئیس', 'جمهور', 'سرنگون', 'شده']",10,15,50,82,"[10, 13]"
c8e9484f-1b54-58ed-9139-74db41d1bd6b+1,event-22,patient,ss-8,Egypt braced for further unrest on Friday with supporters of deposed president Mohammed Mursi calling for mass protests against the army takeover .,مصر برای ناآرامی های بیشتری در روز جمعه با حامیان محمد مورسی رئیس جمهور سرنگون شده آماده می شد و خواستار اعتراضات گسترده علیه سلطه ارتش شد .,deposed president Mohammed Mursi,سرنگون شده,محمد مورسی رئیس‌جمهور سرنگون,محمد مورسی رئیس جمهور سرنگون شده,"['محمد', 'مورسی', 'رئیس', 'جمهور', 'سرنگون', 'شده']",10,15,50,82,"[10, 13]"
c8e9484f-1b54-58ed-9139-74db41d1bd6b+1,event-2,anchor,ss-16,Egypt braced for further unrest on Friday with supporters of deposed president Mohammed Mursi calling for mass protests against the army takeover .,مصر برای ناآرامی های بیشتری در روز جمعه با حامیان محمد مورسی رئیس جمهور سرنگون شده آماده می شد و خواستار اعتراضات گسترده علیه سلطه ارتش شد .,calling for,برای ناآرامی های,خواستار,خواستار,['خواستار'],20,20,97,104,"[14, 15]"
c8e9484f-1b54-58ed-9139-74db41d1bd6b+7,event-5,agent,ss-1,Brotherhood supporters say the real figure is far higher .,طرفداران انجمن اخوت می گویند که رقم واقعی بسیار بیشتر است .,Brotherhood supporters,طرفداران,طرفداران انجمن اخوت,طرفداران انجمن اخوت,"['طرفداران', 'انجمن', 'اخوت']",0,2,0,19,"[0, 1]"
c8e9484f-1b54-58ed-9139-74db41d1bd6b+7,event-5,anchor,ss-19,Brotherhood supporters say the real figure is far higher .,طرفداران انجمن اخوت می گویند که رقم واقعی بسیار بیشتر است .,say,گویند,می‌گویند,می گویند,"['می', 'گویند']",3,4,20,28,"[2, 2]"
d1543b86-f4f6-56d4-a5af-e22732906daf+10,event-25,agent,ss-15,"Barro said the main opposition and civil society movement against Wade , the June 23 Movement ( M23 ) was also planning further activities in coming days .",بارو گفت که اصلی ترین مخالفین و جنبش جامعه مدنی علیه وید جنبش ۲۳ ژوئن ( M23 ) نیز در روزهای آتی برنامه ریزی کرده اند .,the June 23 Movement,جنبش,جنبش ۲۳ ژوئن,جنبش ۲۳ ژوئن,"['جنبش', '۲۳', 'ژوئن']",12,14,57,69,"[12, 15]"
d1543b86-f4f6-56d4-a5af-e22732906daf+10,event-25,anchor,ss-40,"Barro said the main opposition and civil society movement against Wade , the June 23 Movement ( M23 ) was also planning further activities in coming days .",بارو گفت که اصلی ترین مخالفین و جنبش جامعه مدنی علیه وید جنبش ۲۳ ژوئن ( M23 ) نیز در روزهای آتی برنامه ریزی کرده اند .,planning,برنامه,برنامه‌ریزی,برنامه ریزی,"['برنامه', 'ریزی']",22,23,96,107,"[21, 21]"
d1543b86-f4f6-56d4-a5af-e22732906daf+10,event-13,anchor,ss-28,"Barro said the main opposition and civil society movement against Wade , the June 23 Movement ( M23 ) was also planning further activities in coming days .",بارو گفت که اصلی ترین مخالفین و جنبش جامعه مدنی علیه وید جنبش ۲۳ ژوئن ( M23 ) نیز در روزهای آتی برنامه ریزی کرده اند .,activities,برنامه,,,[],0,0,0,0,"[23, 23]"
dc12c567-099f-5a6d-96e6-7c5563458455+8,event-14,agent,ss-9,"On Wednesday , Egypt launched a brutal crackdown on thousands of peaceful protesters in Cairo demanding the reinstatement of Mursi .",در روز چهارشنبه ، مصر فشار بی رحمانه ای را بر روی هزاران معترض صلح آمیز در قاهره آغاز کرد و خواستار بازگشت مرسی شد .,thousands of peaceful protesters,هزاران معترض,هزاران معترض صلح‌آمیز,هزاران معترض صلح آمیز,"['هزاران', 'معترض', 'صلح', 'آمیز']",12,15,50,71,"[9, 12]"
dc12c567-099f-5a6d-96e6-7c5563458455+8,event-19,patient,ss-9,"On Wednesday , Egypt launched a brutal crackdown on thousands of peaceful protesters in Cairo demanding the reinstatement of Mursi .",در روز چهارشنبه ، مصر فشار بی رحمانه ای را بر روی هزاران معترض صلح آمیز در قاهره آغاز کرد و خواستار بازگشت مرسی شد .,thousands of peaceful protesters,هزاران معترض,هزاران معترض صلح‌آمیز,هزاران معترض صلح آمیز,"['هزاران', 'معترض', 'صلح', 'آمیز']",12,15,50,71,"[9, 12]"
e210e326-1f09-59f8-bc8c-0a69c8cd5055+5,event-10,agent,ss-7,"Tusk ’ s appearance comes at a time when Warsaw has been increasingly at odds with Brussels because of the PiS government ’ s controversial interference in the courts , large-scale logging in a primeval forest and a refusal to accept migrants .",حضور تاسک در زمانی اتفاق می افتد که ورشو به طور فزاینده ای با بروکسل به دلیل دخالت بحث برانگیز دولت پی اس در دادگاه ها ، قطع درختان در جنگل های اصلی و امتناع از پذیرش مهاجران در تضاد بوده است .,the PiS government,دولت,دولت پی‌اس,دولت پی اس,"['دولت', 'پی', 'اس']",20,22,95,105,"[19, 21]"
e210e326-1f09-59f8-bc8c-0a69c8cd5055+5,event-6,agent,ss-7,"Tusk ’ s appearance comes at a time when Warsaw has been increasingly at odds with Brussels because of the PiS government ’ s controversial interference in the courts , large-scale logging in a primeval forest and a refusal to accept migrants .",حضور تاسک در زمانی اتفاق می افتد که ورشو به طور فزاینده ای با بروکسل به دلیل دخالت بحث برانگیز دولت پی اس در دادگاه ها ، قطع درختان در جنگل های اصلی و امتناع از پذیرش مهاجران در تضاد بوده است .,the PiS government,دولت,دولت پی‌اس,دولت پی اس,"['دولت', 'پی', 'اس']",20,22,95,105,"[19, 21]"
e210e326-1f09-59f8-bc8c-0a69c8cd5055+5,event-7,agent,ss-7,"Tusk ’ s appearance comes at a time when Warsaw has been increasingly at odds with Brussels because of the PiS government ’ s controversial interference in the courts , large-scale logging in a primeval forest and a refusal to accept migrants .",حضور تاسک در زمانی اتفاق می افتد که ورشو به طور فزاینده ای با بروکسل به دلیل دخالت بحث برانگیز دولت پی اس در دادگاه ها ، قطع درختان در جنگل های اصلی و امتناع از پذیرش مهاجران در تضاد بوده است .,the PiS government,دولت,دولت پی‌اس,دولت پی اس,"['دولت', 'پی', 'اس']",20,22,95,105,"[19, 21]"
e210e326-1f09-59f8-bc8c-0a69c8cd5055+5,event-10,patient,ss-8,"Tusk ’ s appearance comes at a time when Warsaw has been increasingly at odds with Brussels because of the PiS government ’ s controversial interference in the courts , large-scale logging in a primeval forest and a refusal to accept migrants .",حضور تاسک در زمانی اتفاق می افتد که ورشو به طور فزاینده ای با بروکسل به دلیل دخالت بحث برانگیز دولت پی اس در دادگاه ها ، قطع درختان در جنگل های اصلی و امتناع از پذیرش مهاجران در تضاد بوده است .,the courts,های اصلی و,دادگاه‌ها,دادگاه ها,"['دادگاه', 'ها']",24,25,109,118,"[27, 28]"
e210e326-1f09-59f8-bc8c-0a69c8cd5055+5,event-7,anchor,ss-20,"Tusk ’ s appearance comes at a time when Warsaw has been increasingly at odds with Brussels because of the PiS government ’ s controversial interference in the courts , large-scale logging in a primeval forest and a refusal to accept migrants .",حضور تاسک در زمانی اتفاق می افتد که ورشو به طور فزاینده ای با بروکسل به دلیل دخالت بحث برانگیز دولت پی اس در دادگاه ها ، قطع درختان در جنگل های اصلی و امتناع از پذیرش مهاجران در تضاد بوده است .,logging,درختان,قطع درختان,قطع درختان,"['قطع', 'درختان']",27,28,121,131,"[31, 31]"
e210e326-1f09-59f8-bc8c-0a69c8cd5055+5,event-7,patient,ss-10,"Tusk ’ s appearance comes at a time when Warsaw has been increasingly at odds with Brussels because of the PiS government ’ s controversial interference in the courts , large-scale logging in a primeval forest and a refusal to accept migrants .",حضور تاسک در زمانی اتفاق می افتد که ورشو به طور فزاینده ای با بروکسل به دلیل دخالت بحث برانگیز دولت پی اس در دادگاه ها ، قطع درختان در جنگل های اصلی و امتناع از پذیرش مهاجران در تضاد بوده است .,a primeval forest,در جنگل,جنگل‌های اصلی,جنگل های اصلی,"['جنگل', 'های', 'اصلی']",30,32,135,148,"[33, 35]"
e55cd57b-c5b7-59da-896b-fefa95f5857a+1,event-22,agent,ss-12,Critics of ousted South Korean president Park Geun-hye have called for her arrest on Saturday ( 11 March ) a day after she was permanently removed from the presidential office for her role in a corruption scandal .,منتقدان رئیس جمهور سابق کره جنوبی ، پارک گیون هی ، روز شنبه ( یازده مارس ) ، یک روز پس از این که او به طور دائم به خاطر نقشش در یک افتضاح فساد از دفتر ریاست جمهوری برکنار شد ، خواستار دستگیری او شدند .,ousted South Korean president Park Geun-hye,سابق کره جنوبی ،,رئیس‌جمهور سابق کره جنوبی ، پارک گیون هی,رئیس جمهور سابق کره جنوبی ، پارک گیون هی ،,"['رئیس', 'جمهور', 'سابق', 'کره', 'جنوبی', '،', 'پارک', 'گیون', 'هی', '،']",1,10,8,50,"[2, 7]"
e55cd57b-c5b7-59da-896b-fefa95f5857a+1,event-3,patient,ss-12,Critics of ousted South Korean president Park Geun-hye have called for her arrest on Saturday ( 11 March ) a day after she was permanently removed from the presidential office for her role in a corruption scandal .,منتقدان رئیس جمهور سابق کره جنوبی ، پارک گیون هی ، روز شنبه ( یازده مارس ) ، یک روز پس از این که او به طور دائم به خاطر نقشش در یک افتضاح فساد از دفتر ریاست جمهوری برکنار شد ، خواستار دستگیری او شدند .,ousted South Korean president Park Geun-hye,سابق کره جنوبی ،,رئیس‌جمهور سابق کره جنوبی ، پارک گیون هی,رئیس جمهور سابق کره جنوبی ، پارک گیون هی ،,"['رئیس', 'جمهور', 'سابق', 'کره', 'جنوبی', '،', 'پارک', 'گیون', 'هی', '،']",1,10,8,50,"[2, 7]"
e55cd57b-c5b7-59da-896b-fefa95f5857a+1,event-36,patient,ss-12,Critics of ousted South Korean president Park Geun-hye have called for her arrest on Saturday ( 11 March ) a day after she was permanently removed from the presidential office for her role in a corruption scandal .,منتقدان رئیس جمهور سابق کره جنوبی ، پارک گیون هی ، روز شنبه ( یازده مارس ) ، یک روز پس از این که او به طور دائم به خاطر نقشش در یک افتضاح فساد از دفتر ریاست جمهوری برکنار شد ، خواستار دستگیری او شدند .,ousted South Korean president Park Geun-hye,سابق کره جنوبی ،,رئیس‌جمهور سابق کره جنوبی ، پارک گیون هی,رئیس جمهور سابق کره جنوبی ، پارک گیون هی ،,"['رئیس', 'جمهور', 'سابق', 'کره', 'جنوبی', '،', 'پارک', 'گیون', 'هی', '،']",1,10,8,50,"[2, 7]"
e55cd57b-c5b7-59da-896b-fefa95f5857a+15,event-27,agent,ss-11,The ruling followed months of political paralysis and turmoil over the corruption scandal that also found the head of the Samsung Company in trouble .,این حکم به دنبال ماه ها فلج سیاسی و آشفتگی بر سر رسوایی های فساد مالی بود که رئیس شرکت سامسونگ را نیز به دردسر انداخت .,the head of the Samsung Company,رئیس شرکت,رئیس شرکت سامسونگ,رئیس شرکت سامسونگ,"['رئیس', 'شرکت', 'سامسونگ']",18,20,77,94,"[16, 21]"
e55cd57b-c5b7-59da-896b-fefa95f5857a+15,event-28,patient,ss-11,The ruling followed months of political paralysis and turmoil over the corruption scandal that also found the head of the Samsung Company in trouble .,این حکم به دنبال ماه ها فلج سیاسی و آشفتگی بر سر رسوایی های فساد مالی بود که رئیس شرکت سامسونگ را نیز به دردسر انداخت .,the head of the Samsung Company,رئیس شرکت,رئیس شرکت سامسونگ,رئیس شرکت سامسونگ,"['رئیس', 'شرکت', 'سامسونگ']",18,20,77,94,"[16, 21]"
e55cd57b-c5b7-59da-896b-fefa95f5857a+15,event-28,anchor,ss-46,The ruling followed months of political paralysis and turmoil over the corruption scandal that also found the head of the Samsung Company in trouble .,این حکم به دنبال ماه ها فلج سیاسی و آشفتگی بر سر رسوایی های فساد مالی بود که رئیس شرکت سامسونگ را نیز به دردسر انداخت .,in trouble,را نیز به دردسر,به دردسر,به دردسر,"['به', 'دردسر']",23,24,102,110,"[22, 23]"
e5a497bd-7a34-5e7c-910d-8fab2c0cd3bb+9,event-25,anchor,ss-41,"Andimuthu Raja , a former telecommunication minister , is accused of being part of a scheme involving the underselling of cell phone licenses at the height of India &apos;s lucrative telecom boom .",آندومیتو راجا ، وزیر سابق ارتباطات از راه دور ، به عنوان بخشی از یک طرح شامل فروش پایین مجوزهای تلفن همراه در اوج شکوفایی شرکت های مخابراتی پر سود هند شناخته می شود .,accused,می,شناخته,شناخته می شود,"['شناخته', 'می', 'شود']",31,33,151,164,"[9, 9]"
e5a497bd-7a34-5e7c-910d-8fab2c0cd3bb+9,event-23,anchor,ss-39,"Andimuthu Raja , a former telecommunication minister , is accused of being part of a scheme involving the underselling of cell phone licenses at the height of India &apos;s lucrative telecom boom .",آندومیتو راجا ، وزیر سابق ارتباطات از راه دور ، به عنوان بخشی از یک طرح شامل فروش پایین مجوزهای تلفن همراه در اوج شکوفایی شرکت های مخابراتی پر سود هند شناخته می شود .,underselling,فروش,فروش پایین,فروش پایین,"['فروش', 'پایین']",17,18,77,87,"[18, 18]"
e6111897-b419-5f66-b95b-2286832670b0+0,event-10,patient,ss-12,Norovirus cited in Olive Garden outbreak,نوروویروس ذکر شده در شیوع باغ زیتون,Olive Garden,باغ,باغ زیتون,باغ زیتون,"['باغ', 'زیتون']",5,6,26,35,"[3, 4]"
e9558c3b-932c-5c87-85ac-db9f6582c47f+7,event-17,agent,ss-11,The Investigative Committee said that Ulyukayev had been caught accepting the bribe .,کمیته تحقیق اعلام کرد که اولیویا کوف رشوه را پذیرفته است .,The Investigative Committee,کمیته,کمیته تحقیق,کمیته تحقیق,"['کمیته', 'تحقیق']",0,1,0,11,"[0, 2]"
e9558c3b-932c-5c87-85ac-db9f6582c47f+7,event-17,anchor,ss-32,The Investigative Committee said that Ulyukayev had been caught accepting the bribe .,کمیته تحقیق اعلام کرد که اولیویا کوف رشوه را پذیرفته است .,said,کرد,اعلام کرد,اعلام کرد,"['اعلام', 'کرد']",2,3,12,21,"[3, 3]"
e9558c3b-932c-5c87-85ac-db9f6582c47f+7,event-6,patient,ss-1,The Investigative Committee said that Ulyukayev had been caught accepting the bribe .,کمیته تحقیق اعلام کرد که اولیویا کوف رشوه را پذیرفته است .,Ulyukayev,اولیویا کوف,اولیویا,اولیویا کوف,"['اولیویا', 'کوف']",5,6,25,36,"[5, 5]"
e9558c3b-932c-5c87-85ac-db9f6582c47f+9,event-11,agent,ss-13,"Rosneft declined to comment on the investigation , but said the Bashneft deal complied with Russian laws .",راستوف از اظهار نظر در این باره خودداری کرد اما گفت که معامله با باشرف با قوانین روسیه مطابقت دارد .,Rosneft,روسیه مطابقت دارد .,راستوف,راستوف,['راستوف'],0,0,0,6,"[0, 0]"
e9558c3b-932c-5c87-85ac-db9f6582c47f+9,event-18,agent,ss-13,"Rosneft declined to comment on the investigation , but said the Bashneft deal complied with Russian laws .",راستوف از اظهار نظر در این باره خودداری کرد اما گفت که معامله با باشرف با قوانین روسیه مطابقت دارد .,Rosneft,روسیه مطابقت دارد .,راستوف,راستوف,['راستوف'],0,0,0,6,"[0, 0]"
e9558c3b-932c-5c87-85ac-db9f6582c47f+9,event-19,agent,ss-13,"Rosneft declined to comment on the investigation , but said the Bashneft deal complied with Russian laws .",راستوف از اظهار نظر در این باره خودداری کرد اما گفت که معامله با باشرف با قوانین روسیه مطابقت دارد .,Rosneft,روسیه مطابقت دارد .,راستوف,راستوف,['راستوف'],0,0,0,6,"[0, 0]"
e9558c3b-932c-5c87-85ac-db9f6582c47f+9,event-18,anchor,ss-33,"Rosneft declined to comment on the investigation , but said the Bashneft deal complied with Russian laws .",راستوف از اظهار نظر در این باره خودداری کرد اما گفت که معامله با باشرف با قوانین روسیه مطابقت دارد .,comment,نظر,اظهار نظر,اظهار نظر,"['اظهار', 'نظر']",2,3,10,19,"[3, 3]"
e9558c3b-932c-5c87-85ac-db9f6582c47f+9,event-37,anchor,ss-52,"Rosneft declined to comment on the investigation , but said the Bashneft deal complied with Russian laws .",راستوف از اظهار نظر در این باره خودداری کرد اما گفت که معامله با باشرف با قوانین روسیه مطابقت دارد .,investigation,.,,,[],0,0,0,0,"[6, 6]"
e9e13860-1bb9-5cfd-bda5-8dd3785e9c74+1,event-19,patient,ss-1,"A Victorian man has been charged with making corrupt payments of $ 104,000 to former Ipswich City Council chief executive Carl Wulff and his wife .",یک مرد ویکتوریایی به پرداخت 104000 دلار به مدیر اجرایی شورای شهر اکستر ، کارل وولف و همسرش متهم شده است .,A Victorian man,یک مرد,یک مرد ویکتوریایی,یک مرد ویکتوریایی,"['یک', 'مرد', 'ویکتوریایی']",0,2,0,17,"[0, 2]"
e9e13860-1bb9-5cfd-bda5-8dd3785e9c74+1,event-2,agent,ss-1,"A Victorian man has been charged with making corrupt payments of $ 104,000 to former Ipswich City Council chief executive Carl Wulff and his wife .",یک مرد ویکتوریایی به پرداخت 104000 دلار به مدیر اجرایی شورای شهر اکستر ، کارل وولف و همسرش متهم شده است .,A Victorian man,یک مرد,,یک مرد ویکتوریایی,"['یک', 'مرد', 'ویکتوریایی']",0,2,0,17,"[0, 2]"
e9e13860-1bb9-5cfd-bda5-8dd3785e9c74+1,event-2,anchor,ss-19,"A Victorian man has been charged with making corrupt payments of $ 104,000 to former Ipswich City Council chief executive Carl Wulff and his wife .",یک مرد ویکتوریایی به پرداخت 104000 دلار به مدیر اجرایی شورای شهر اکستر ، کارل وولف و همسرش متهم شده است .,payments,پرداخت,,پرداخت,['پرداخت'],4,4,21,27,"[9, 9]"
e9e13860-1bb9-5cfd-bda5-8dd3785e9c74+1,event-2,patient,ss-10,"A Victorian man has been charged with making corrupt payments of $ 104,000 to former Ipswich City Council chief executive Carl Wulff and his wife .",یک مرد ویکتوریایی به پرداخت 104000 دلار به مدیر اجرایی شورای شهر اکستر ، کارل وولف و همسرش متهم شده است .,former Ipswich City Council chief executive Carl Wulff,، کارل وولف,,مدیر اجرایی شورای شهر اکستر ، کارل وولف,"['مدیر', 'اجرایی', 'شورای', 'شهر', 'اکستر', '،', 'کارل', 'وولف']",8,15,43,82,"[14, 21]"
e9e13860-1bb9-5cfd-bda5-8dd3785e9c74+1,event-2,patient,ss-3,"A Victorian man has been charged with making corrupt payments of $ 104,000 to former Ipswich City Council chief executive Carl Wulff and his wife .",یک مرد ویکتوریایی به پرداخت 104000 دلار به مدیر اجرایی شورای شهر اکستر ، کارل وولف و همسرش متهم شده است .,his wife,همسرش,,همسرش,['همسرش'],17,17,85,90,"[23, 24]"
e9e13860-1bb9-5cfd-bda5-8dd3785e9c74+12,event-12,agent,ss-9,The 11-person council has vowed to fight to stay in power .,شورای ۱۱ نفره تصمیم گرفته تا برای باقی ماندن در قدرت مبارزه کند .,The 11-person council,شورای,شورای ۱۱ نفره,شورای ۱۱ نفره,"['شورای', '۱۱', 'نفره']",0,2,0,13,"[0, 2]"
e9e13860-1bb9-5cfd-bda5-8dd3785e9c74+12,event-34,agent,ss-9,The 11-person council has vowed to fight to stay in power .,شورای ۱۱ نفره تصمیم گرفته تا برای باقی ماندن در قدرت مبارزه کند .,The 11-person council,شورای,شورای ۱۱ نفره,شورای ۱۱ نفره,"['شورای', '۱۱', 'نفره']",0,2,0,13,"[0, 2]"
e9e13860-1bb9-5cfd-bda5-8dd3785e9c74+12,event-34,anchor,ss-51,The 11-person council has vowed to fight to stay in power .,شورای ۱۱ نفره تصمیم گرفته تا برای باقی ماندن در قدرت مبارزه کند .,stay in power,ماندن در قدرت,باقی ماندن در قدرت,باقی ماندن در قدرت,"['باقی', 'ماندن', 'در', 'قدرت']",7,10,34,52,"[8, 10]"
eeb788a4-3b63-554a-b05c-c8774bedee61+5,event-2,patient,ss-19,"Protesters in Sanaa , Yemen , took to the streets Sunday in an act of solidarity with protesters in Tunisia whose actions led to the president of that country fleeing .",معترضان در صنعا ، یمن روز یکشنبه در تظاهراتی با تظاهرکنندگان تونس که اقداماتشان منجر به فرار رئیس جمهور آن کشور شد ، به خیابان ها ریختند .,the president,رئیس جمهور,رئیس‌جمهور,رئیس جمهور,"['رئیس', 'جمهور']",17,18,93,103,"[24, 25]"
fa9f8034-a03d-5a2a-b55c-c52b74ff78bf+3,event-12,patient,ss-14,"The trial , one of three that are underway against Mursi , is part of a relentless government crackdown targeting him and his Muslim Brotherhood movement since his ouster by the army in July .",محاکمه یکی از سه حکمی است که علیه معاصران در حال انجام است و بخشی از سرکوب بی رحمانه دولت است که او و جنبش اخوان المسلمین را از زمان برکناری وی در ماه ژوئیه توسط ارتش مورد هدف قرار داده است .,his Muslim Brotherhood movement,او و جنبش,جنبش اخوان‌المسلمین,جنبش اخوان المسلمین,"['جنبش', 'اخوان', 'المسلمین']",24,26,102,121,"[22, 25]"
fa9f8034-a03d-5a2a-b55c-c52b74ff78bf+3,event-5,agent,ss-4,"The trial , one of three that are underway against Mursi , is part of a relentless government crackdown targeting him and his Muslim Brotherhood movement since his ouster by the army in July .",محاکمه یکی از سه حکمی است که علیه معاصران در حال انجام است و بخشی از سرکوب بی رحمانه دولت است که او و جنبش اخوان المسلمین را از زمان برکناری وی در ماه ژوئیه توسط ارتش مورد هدف قرار داده است .,the army,در ماه ژوئیه توسط,ارتش,ارتش,['ارتش'],36,36,162,166,"[30, 31]"
