doc_id,event_id,ann_type,ss-id,source_sent,target_sent,source_span,sup_span,sup_span_tok,sup_span_start_tok,sup_span_end_tok,sup_span_start,sup_span_end
,,,,"More than 100 demonstrators gathered at the Mendiola Peace Arch , near Malacanang Palace , where they performed stage plays portraying the procession and crucifixion of Jesus Christ to protest President Rodrigo Duterte &apos;s policies , including his support for death penalty , Efe news reported .",بیش از ۱۰۰ تظاهرات کننده در طاق صلح ماندولا در نزدیکی کاخ مالاکاناگانگ گرد هم آمدند ، جایی که نمایش های صحنه ای مراسم و مصلوب شدن عیسی مسیح را در اعتراض به سیاست های رئیس جمهور رودریگو دوترته ، از جمله حمایت او از مجازات اعدام ، به تصویر کشیدند .,demonstrators,تظاهرات کننده,"['تظاهرات', 'کننده']",3,4,11,24
,,,,&quot; The Force Major Investigation Team carried out a full and thorough investigation into the death of Kevin Rogers and both the constabulary and the Crown Prosecution Service felt it was the correct decision to prosecute Susan Kenny with Mr Rogers &apos; murder .,تیم تحقیق اصلی نیرو تحقیقات کامل و جامعی را در مورد مرگ کوین راجرز انجام داد و دادگاه و سرویس دادستانی کل احساس کردند که این تصمیم درستی برای تعقیب سوزان کنی به اتهام قتل آقای راجرز است .,The Force Major Investigation Team,تیم تحقیق اصلی نیرو,"['تیم', 'تحقیق', 'اصلی', 'نیرو']",0,3,0,19
,,,,&quot; The Force Major Investigation Team carried out a full and thorough investigation into the death of Kevin Rogers and both the constabulary and the Crown Prosecution Service felt it was the correct decision to prosecute Susan Kenny with Mr Rogers &apos; murder .,تیم تحقیق اصلی نیرو تحقیقات کامل و جامعی را در مورد مرگ کوین راجرز انجام داد و دادگاه و سرویس دادستانی کل احساس کردند که این تصمیم درستی برای تعقیب سوزان کنی به اتهام قتل آقای راجرز است .,the Crown Prosecution Service,سرویس دادستانی کل,"['سرویس', 'دادستانی', 'کل']",19,21,88,105
,,,,&quot; The Force Major Investigation Team carried out a full and thorough investigation into the death of Kevin Rogers and both the constabulary and the Crown Prosecution Service felt it was the correct decision to prosecute Susan Kenny with Mr Rogers &apos; murder .,تیم تحقیق اصلی نیرو تحقیقات کامل و جامعی را در مورد مرگ کوین راجرز انجام داد و دادگاه و سرویس دادستانی کل احساس کردند که این تصمیم درستی برای تعقیب سوزان کنی به اتهام قتل آقای راجرز است .,Susan Kenny,سوزان کنی,"['سوزان', 'کنی']",30,31,148,157
,,,,Earlier Abkhaz officials threatened that their forces would fire on the demonstrators if they crossed a river into Abkhaz territory .,مقامات آذربایجانی پیش از این تهدید کرده بودند که اگر آن ها از رودخانه ای به قلمرو آبخاز عبور کنند ، نیروهای خود را به سمت تظاهرکنندگان شلیک خواهند کرد .,Abkhaz officials,مقامات آذربایجانی,"['مقامات', 'آذربایجانی']",0,1,0,17
,,,,Earlier Abkhaz officials threatened that their forces would fire on the demonstrators if they crossed a river into Abkhaz territory .,مقامات آذربایجانی پیش از این تهدید کرده بودند که اگر آن ها از رودخانه ای به قلمرو آبخاز عبور کنند ، نیروهای خود را به سمت تظاهرکنندگان شلیک خواهند کرد .,their forces,نیروهای خود,"['نیروهای', 'خود']",21,22,100,111
,,,,Earlier Abkhaz officials threatened that their forces would fire on the demonstrators if they crossed a river into Abkhaz territory .,مقامات آذربایجانی پیش از این تهدید کرده بودند که اگر آن ها از رودخانه ای به قلمرو آبخاز عبور کنند ، نیروهای خود را به سمت تظاهرکنندگان شلیک خواهند کرد .,fire on,به سمت شلیک خواهند کرد,"['به', 'سمت', 'شلیک', 'خواهند', 'کرد']",24,29,115,150
,,,,Earlier Abkhaz officials threatened that their forces would fire on the demonstrators if they crossed a river into Abkhaz territory .,مقامات آذربایجانی پیش از این تهدید کرده بودند که اگر آن ها از رودخانه ای به قلمرو آبخاز عبور کنند ، نیروهای خود را به سمت تظاهرکنندگان شلیک خواهند کرد .,they,آن ها,"['آن', 'ها']",10,11,53,58
,,,,"He was reported by AFP as saying : &quot; No-one is voting , neither Abkhaz or Georgians .",او توسط خبرگزاری ان بی سی گزارش شده است : « هیچ کس نه آبخاز و نه گرجی رای نمی دهد .,He,او,['او'],0,0,0,2
,,,,"He was reported by AFP as saying : &quot; No-one is voting , neither Abkhaz or Georgians .",او توسط خبرگزاری ان بی سی گزارش شده است : « هیچ کس نه آبخاز و نه گرجی رای نمی دهد .,AFP,,[],0,0,0,0
,,,,"He was reported by AFP as saying : &quot; No-one is voting , neither Abkhaz or Georgians .",او توسط خبرگزاری ان بی سی گزارش شده است : « هیچ کس نه آبخاز و نه گرجی رای نمی دهد .,saying,,[],0,0,0,0
,,,,"He was reported by AFP as saying : &quot; No-one is voting , neither Abkhaz or Georgians .",او توسط خبرگزاری ان بی سی گزارش شده است : « هیچ کس نه آبخاز و نه گرجی رای نمی دهد .,neither Abkhaz or Georgians,نه آبخاز و نه گرجی,"['نه', 'آبخاز', 'و', 'نه', 'گرجی']",13,17,51,69
,,,,Militants have killed hundreds of policemen and soldiers since the overthrow of Morsy in July 2013 .,شورشیان از زمان سرنگونی مرسی در ژوئیه ۲۰۱۳ صدها پلیس و سرباز را کشته اند .,killed,کشته اند,"['کشته', 'اند']",13,14,64,72
,,,,All 224 people aboard died .,همه ۲۲۴ نفر در کشتی کشته شدند .,died,کشته شدند,"['کشته', 'شدند']",5,6,20,29
,,,,A second bomb in Kafr El-Sheikh killed one civilian motorist and wounded three police officers .,بمب دوم در کفر الشیخ یک راننده غیرنظامی را کشت و سه افسر پلیس را زخمی کرد .,A second bomb,بمب دوم,"['بمب', 'دوم']",0,1,0,7
,,,,A second bomb in Kafr El-Sheikh killed one civilian motorist and wounded three police officers .,بمب دوم در کفر الشیخ یک راننده غیرنظامی را کشت و سه افسر پلیس را زخمی کرد .,one civilian motorist,یک راننده غیرنظامی,"['یک', 'راننده', 'غیرنظامی']",5,7,21,39
,,,,A second bomb in Kafr El-Sheikh killed one civilian motorist and wounded three police officers .,بمب دوم در کفر الشیخ یک راننده غیرنظامی را کشت و سه افسر پلیس را زخمی کرد .,three police officers,سه افسر پلیس,"['سه', 'افسر', 'پلیس']",11,13,49,61
,,,,"Diana Gradinaru , a 45-year-old economist , said the new legislation could result in “ terrible thefts ” by high-level officials , citing legislation that meant video and audio recordings could no longer be used as evidence in prosecutions .",دیانا گرونینارو ، یک اقتصاددان ۴۵ ساله ، گفت که قانون جدید می تواند منجر به « سرقت های وحشتناک » توسط مقامات عالی رتبه شود ، با استناد به قانون که به این معنی است که ویدئو و ضبط های صوتی دیگر نمی تواند به عنوان مدرک در پیگرد قانونی استفاده شود .,thefts,سرقت های,"['سرقت', 'های']",17,18,78,86
,,,,"Diana Gradinaru , a 45-year-old economist , said the new legislation could result in “ terrible thefts ” by high-level officials , citing legislation that meant video and audio recordings could no longer be used as evidence in prosecutions .",دیانا گرونینارو ، یک اقتصاددان ۴۵ ساله ، گفت که قانون جدید می تواند منجر به « سرقت های وحشتناک » توسط مقامات عالی رتبه شود ، با استناد به قانون که به این معنی است که ویدئو و ضبط های صوتی دیگر نمی تواند به عنوان مدرک در پیگرد قانونی استفاده شود .,audio recordings,ضبط های صوتی,"['ضبط', 'های', 'صوتی']",39,41,174,186
,,,,"Diana Gradinaru , a 45-year-old economist , said the new legislation could result in “ terrible thefts ” by high-level officials , citing legislation that meant video and audio recordings could no longer be used as evidence in prosecutions .",دیانا گرونینارو ، یک اقتصاددان ۴۵ ساله ، گفت که قانون جدید می تواند منجر به « سرقت های وحشتناک » توسط مقامات عالی رتبه شود ، با استناد به قانون که به این معنی است که ویدئو و ضبط های صوتی دیگر نمی تواند به عنوان مدرک در پیگرد قانونی استفاده شود .,used as evidence,به عنوان مدرک استفاده شود,"['به', 'عنوان', 'مدرک', 'استفاده', 'شود']",45,52,202,243
,,,,"Wave of Bombings , Shootings Leave 38 Dead in Iraq",موج بمب گذاری ها ، تیراندازی ها ۳۸ کشته در عراق باقی گذاشت .,Bombings,بمب گذاری ها,"['بمب', 'گذاری', 'ها']",1,3,4,16
,,,,"Wave of Bombings , Shootings Leave 38 Dead in Iraq",موج بمب گذاری ها ، تیراندازی ها ۳۸ کشته در عراق باقی گذاشت .,Shootings,تیراندازی ها,"['تیراندازی', 'ها']",5,6,19,31
,,,,"Sunday &apos;s explosions struck shortly before the evening iftar meal that ends the daylong fast during Ramadan , AP reported on Monday .",انفجارهای یکشنبه کمی قبل از غذای شب عید که روزه طولانی مدت روزه در ماه رمضان را به پایان می رساند رخ داد .,AP,,[],0,0,0,0
,,,,"Sunday &apos;s explosions struck shortly before the evening iftar meal that ends the daylong fast during Ramadan , AP reported on Monday .",انفجارهای یکشنبه کمی قبل از غذای شب عید که روزه طولانی مدت روزه در ماه رمضان را به پایان می رساند رخ داد .,reported,,[],0,0,0,0
,,,,"Another car bomb exploded among shops and take-away restaurants in central Kut , 160 kilometers ( 100 miles ) southeast of Baghdad .",بمب دیگری در میان مغازه ها و رستوران های سیار در مرکز کوت ، در ۱۶۰ کیلومتری ( ۱۰۰ مایلی ) جنوب شرقی بغداد منفجر شد .,shops,مغازه ها,"['مغازه', 'ها']",4,5,18,26
,,,,"Dr Victor Willoughby is the 11th of the country ’ s 120 doctors to die from the virus , during an outbreak that has killed almost 7,000 people .",دکتر ویکتور ویل وبی یازدهمین پزشک کشور است که بر اثر این ویروس جان خود را از دست داده است .,Dr Victor Willoughby,دکتر ویکتور ویل وبی,"['دکتر', 'ویکتور', 'ویل', 'وبی']",0,3,0,19
,,,,"Dr Victor Willoughby is the 11th of the country ’ s 120 doctors to die from the virus , during an outbreak that has killed almost 7,000 people .",دکتر ویکتور ویل وبی یازدهمین پزشک کشور است که بر اثر این ویروس جان خود را از دست داده است .,die,جان خود را از دست داده است,"['جان', 'خود', 'را', 'از', 'دست', 'داده', 'است']",13,19,63,89
,,,,"Dr Victor Willoughby is the 11th of the country ’ s 120 doctors to die from the virus , during an outbreak that has killed almost 7,000 people .",دکتر ویکتور ویل وبی یازدهمین پزشک کشور است که بر اثر این ویروس جان خود را از دست داده است .,the virus,این ویروس,"['این', 'ویروس']",11,12,53,62
,,,,"Dr Victor Willoughby is the 11th of the country ’ s 120 doctors to die from the virus , during an outbreak that has killed almost 7,000 people .",دکتر ویکتور ویل وبی یازدهمین پزشک کشور است که بر اثر این ویروس جان خود را از دست داده است .,outbreak,,[],0,0,0,0
,,,,"Dr Victor Willoughby is the 11th of the country ’ s 120 doctors to die from the virus , during an outbreak that has killed almost 7,000 people .",دکتر ویکتور ویل وبی یازدهمین پزشک کشور است که بر اثر این ویروس جان خود را از دست داده است .,killed,,[],0,0,0,0
,,,,"Dr Victor Willoughby is the 11th of the country ’ s 120 doctors to die from the virus , during an outbreak that has killed almost 7,000 people .",دکتر ویکتور ویل وبی یازدهمین پزشک کشور است که بر اثر این ویروس جان خود را از دست داده است .,"almost 7,000 people",,[],0,0,0,0
,,,,"The arrival of ZMAb , developed in Canada , had raised hopes for Willoughby ’ s survival .",ورود ZMAb ، که در کانادا توسعه یافته بود ، امید را برای زنده ماندن ولینگتون افزایش داد .,Willoughby,,[],0,0,0,0
,,,,"The arrival of ZMAb , developed in Canada , had raised hopes for Willoughby ’ s survival .",ورود ZMAb ، که در کانادا توسعه یافته بود ، امید را برای زنده ماندن ولینگتون افزایش داد .,survival,زنده ماندن,"['زنده', 'ماندن']",13,14,56,66
,,,,"Netanyahu , who heads the right-wing Likud party , is fighting for his political life after an inconclusive election on March 2 , following ballots in April and September that also ended without a clear victor .",نتانیاهو که رهبر حزب راست گرا بود ، پس از یک انتخابات بدون نتیجه در ۲ مارس و سپتامبر که بدون پیروزی قطعی به پایان رسید ، برای زندگی سیاسی خود مبارزه می کند .,ballots,,[],0,0,0,0
,,,,Officials have said the money came instead from an unnamed Arab donor .,مقامات اعلام کرده اند که این پول از یک کمک کننده ناشناس عرب تأمین شده است .,donor,کمک کننده,"['کمک', 'کننده']",9,10,39,48
,,,,"If accurate , many more passengers could have been exposed to Ebola during her flight home to Cleveland from Dallas on Friday .",اگر دقیق باشد ، ممکن است تعداد بیشتری از مسافران در روز جمعه هنگام پرواز او از دالاس به خانه در معرض ابولا قرار گرفته باشند .,many more passengers,تعداد بیشتری از مسافران,"['تعداد', 'بیشتری', 'از', 'مسافران']",6,9,25,48
,,,,"If accurate , many more passengers could have been exposed to Ebola during her flight home to Cleveland from Dallas on Friday .",اگر دقیق باشد ، ممکن است تعداد بیشتری از مسافران در روز جمعه هنگام پرواز او از دالاس به خانه در معرض ابولا قرار گرفته باشند .,exposed,در معرض,"['در', 'معرض']",20,21,93,100
,,,,"Rights groups believe that foul play was behind the deaths of the three , and have demanded an investigation into this case and other allegations of police corruption and heavy-handed tactics .",گروه های حقوق بشری بر این باور اند که در پس مرگ این سه نفر ، خطا بوده و خواستار تحقیق در این مورد و سایر اتهامات فساد پلیس و تاکتیک های سنگین شده اند .,Rights groups,گروه های حقوق بشری,"['گروه', 'های', 'حقوق', 'بشری']",0,3,0,18
,,,,"Rights groups believe that foul play was behind the deaths of the three , and have demanded an investigation into this case and other allegations of police corruption and heavy-handed tactics .",گروه های حقوق بشری بر این باور اند که در پس مرگ این سه نفر ، خطا بوده و خواستار تحقیق در این مورد و سایر اتهامات فساد پلیس و تاکتیک های سنگین شده اند .,the three,این سه نفر,"['این', 'سه', 'نفر']",12,14,48,58
,,,,"Rights groups believe that foul play was behind the deaths of the three , and have demanded an investigation into this case and other allegations of police corruption and heavy-handed tactics .",گروه های حقوق بشری بر این باور اند که در پس مرگ این سه نفر ، خطا بوده و خواستار تحقیق در این مورد و سایر اتهامات فساد پلیس و تاکتیک های سنگین شده اند .,tactics,,[],0,0,0,0
,,,,Protesters around the world march against Egypt &apos;s Mubarak,تظاهرات کنندگان در سراسر جهان علیه مبارک مصری ها تظاهرات کردند .,Protesters,تظاهرات کنندگان,"['تظاهرات', 'کنندگان']",0,1,0,15
,,,,Protesters around the world march against Egypt &apos;s Mubarak,تظاهرات کنندگان در سراسر جهان علیه مبارک مصری ها تظاهرات کردند .,march,تظاهرات کردند,"['تظاهرات', 'کردند']",9,10,49,62
,,,,Protesters around the world march against Egypt &apos;s Mubarak,تظاهرات کنندگان در سراسر جهان علیه مبارک مصری ها تظاهرات کردند .,Egypt &apos;s Mubarak,مبارک مصری ها,"['مبارک', 'مصری', 'ها']",6,8,35,48
,,,,"&quot; We are witnessing a great change in history , &quot; he told CTV .",او به شبکه سی تی وی گفت : « ما شاهد تغییر بزرگی در تاریخ هستیم .,CTV,سی تی وی,"['سی', 'تی', 'وی']",3,5,11,19
,,,,"Outside the Egyptian Embassy in London , people rallied , chanted , hoisted banners and demanded change .",در بیرون سفارت مصر در لندن ، مردم تجمع کردند ، شعارها را برافراشتند و خواستار تغییر شدند .,rallied,تجمع کردند,"['تجمع', 'کردند']",8,9,34,44
,,,,Photographs posted on social media showed riot police outside the Moscow offices of the Open Russia Foundation .,عکس هایی که در شبکه های اجتماعی منتشر شده است ، پلیس ضد شورش را بیرون دفتر مرکزی بنیاد روسیه آزاد نشان می دهد .,Photographs,عکس هایی,"['عکس', 'هایی']",0,1,0,8
,,,,Navalny suffered a similar attack last month .,ماه گذشته نیروی دریایی دچار حمله ای مشابه شد .,Navalny,,[],0,0,0,0
,,,,Navalny suffered a similar attack last month .,ماه گذشته نیروی دریایی دچار حمله ای مشابه شد .,attack,حمله ای,"['حمله', 'ای']",5,6,28,35
,,,,"&quot; These ( police ) actions are aimed at cancelling Saturday &apos;s protests , &quot; a foundation source told Reuters .",یکی از منابع بنیاد به رویترز گفت : ' این اقدامات ( پلیس ) با هدف لغو اعتراضات روز شنبه صورت گرفته است .,a foundation source,یکی از منابع بنیاد,"['یکی', 'از', 'منابع', 'بنیاد']",0,3,0,18
,,,,"No group has yet claimed responsibility for the kidnap , although it is feared it may be the work of an al-Qaida linked guerrilla group , Abu Sayyaf , which has been fighting the Philippines army since the 1990s .",هنوز هیچ گروهی مسئولیت این آدم ربایی را بر عهده نگرفته است ، اگر چه ممکن است که این کار توسط یک گروه چریکی مرتبط با القاعده ، ابو سیف ، که از دهه ۱۹۹۰ با ارتش فیلیپین مبارزه می کند ، انجام شده باشد .,claimed,بر عهده,"['بر', 'عهده']",8,9,40,47
,,,,"No group has yet claimed responsibility for the kidnap , although it is feared it may be the work of an al-Qaida linked guerrilla group , Abu Sayyaf , which has been fighting the Philippines army since the 1990s .",هنوز هیچ گروهی مسئولیت این آدم ربایی را بر عهده نگرفته است ، اگر چه ممکن است که این کار توسط یک گروه چریکی مرتبط با القاعده ، ابو سیف ، که از دهه ۱۹۹۰ با ارتش فیلیپین مبارزه می کند ، انجام شده باشد .,kidnap,آدم ربایی,"['آدم', 'ربایی']",5,6,27,36
,,,,"No group has yet claimed responsibility for the kidnap , although it is feared it may be the work of an al-Qaida linked guerrilla group , Abu Sayyaf , which has been fighting the Philippines army since the 1990s .",هنوز هیچ گروهی مسئولیت این آدم ربایی را بر عهده نگرفته است ، اگر چه ممکن است که این کار توسط یک گروه چریکی مرتبط با القاعده ، ابو سیف ، که از دهه ۱۹۹۰ با ارتش فیلیپین مبارزه می کند ، انجام شده باشد .,the Philippines army,ارتش فیلیپین,"['ارتش', 'فیلیپین']",36,37,154,166
,,,,"Binyamin ( Bibi ) Netanyahu , leader of the hawkish Likud party and former prime minister , would most likely win a general election , with polls for several months highlighting his popularity . As PM , he negotiated the Wye River Accords in 1998 with Yasser Arafat , but there was no progress in the peace talks .",بنیامین نتانیاهو ، رهبر حزب لیکود و نخست وزیر سابق ، به احتمال زیاد در یک انتخابات عمومی برنده خواهد شد و نظرسنجی ها برای ماه ها محبوبیت او را برجسته کردند .,Binyamin ( Bibi ) Netanyahu,بنیامین نتانیاهو,"['بنیامین', 'نتانیاهو']",0,1,0,16
,,,,"Binyamin ( Bibi ) Netanyahu , leader of the hawkish Likud party and former prime minister , would most likely win a general election , with polls for several months highlighting his popularity . As PM , he negotiated the Wye River Accords in 1998 with Yasser Arafat , but there was no progress in the peace talks .",بنیامین نتانیاهو ، رهبر حزب لیکود و نخست وزیر سابق ، به احتمال زیاد در یک انتخابات عمومی برنده خواهد شد و نظرسنجی ها برای ماه ها محبوبیت او را برجسته کردند .,polls,نظرسنجی ها,"['نظرسنجی', 'ها']",22,23,106,116
,,,,"Binyamin ( Bibi ) Netanyahu , leader of the hawkish Likud party and former prime minister , would most likely win a general election , with polls for several months highlighting his popularity . As PM , he negotiated the Wye River Accords in 1998 with Yasser Arafat , but there was no progress in the peace talks .",بنیامین نتانیاهو ، رهبر حزب لیکود و نخست وزیر سابق ، به احتمال زیاد در یک انتخابات عمومی برنده خواهد شد و نظرسنجی ها برای ماه ها محبوبیت او را برجسته کردند .,Wye River Accords,,[],0,0,0,0
,,,,"Binyamin ( Bibi ) Netanyahu , leader of the hawkish Likud party and former prime minister , would most likely win a general election , with polls for several months highlighting his popularity . As PM , he negotiated the Wye River Accords in 1998 with Yasser Arafat , but there was no progress in the peace talks .",بنیامین نتانیاهو ، رهبر حزب لیکود و نخست وزیر سابق ، به احتمال زیاد در یک انتخابات عمومی برنده خواهد شد و نظرسنجی ها برای ماه ها محبوبیت او را برجسته کردند .,Yasser Arafat,,[],0,0,0,0
,,,,"Binyamin ( Bibi ) Netanyahu , leader of the hawkish Likud party and former prime minister , would most likely win a general election , with polls for several months highlighting his popularity . As PM , he negotiated the Wye River Accords in 1998 with Yasser Arafat , but there was no progress in the peace talks .",بنیامین نتانیاهو ، رهبر حزب لیکود و نخست وزیر سابق ، به احتمال زیاد در یک انتخابات عمومی برنده خواهد شد و نظرسنجی ها برای ماه ها محبوبیت او را برجسته کردند .,talks,,[],0,0,0,0
,,,,"The pair diverted a further $ 13,000 intended to pay for transport of life-saving goods to Ebola hotspots , the court found .",این دو نفر ۱۳۰۰۰ دلار دیگر را جهت انتقال کالاهایی که نجات دهنده زندگی هستند به مناطق ابولا اختصاص دادند .,The pair,این دو نفر,"['این', 'دو', 'نفر']",0,2,0,10
,,,,"The pair diverted a further $ 13,000 intended to pay for transport of life-saving goods to Ebola hotspots , the court found .",این دو نفر ۱۳۰۰۰ دلار دیگر را جهت انتقال کالاهایی که نجات دهنده زندگی هستند به مناطق ابولا اختصاص دادند .,diverted,اختصاص دادند,"['اختصاص', 'دادند']",18,19,91,103
,,,,"The pair diverted a further $ 13,000 intended to pay for transport of life-saving goods to Ebola hotspots , the court found .",این دو نفر ۱۳۰۰۰ دلار دیگر را جهت انتقال کالاهایی که نجات دهنده زندگی هستند به مناطق ابولا اختصاص دادند .,pay,,[],0,0,0,0
,,,,"The pair diverted a further $ 13,000 intended to pay for transport of life-saving goods to Ebola hotspots , the court found .",این دو نفر ۱۳۰۰۰ دلار دیگر را جهت انتقال کالاهایی که نجات دهنده زندگی هستند به مناطق ابولا اختصاص دادند .,the court,,[],0,0,0,0
,,,,"The pair diverted a further $ 13,000 intended to pay for transport of life-saving goods to Ebola hotspots , the court found .",این دو نفر ۱۳۰۰۰ دلار دیگر را جهت انتقال کالاهایی که نجات دهنده زندگی هستند به مناطق ابولا اختصاص دادند .,found,,[],0,0,0,0
,,,,"In Iran many journalists , commentators and young people have set up web-based journals or blogs that document their daily lives and thoughts .",در ایران بسیاری از روزنامه نگاران ، مفسران و جوانان ، مجلات یا وبلاگ های اینترنتی را راه اندازی کرده اند که زندگی روزانه و اندیشه های خود را مستند می کنند .,many journalists,بسیاری از روزنامه,"['بسیاری', 'از', 'روزنامه']",2,4,9,26
,,,,"In Iran many journalists , commentators and young people have set up web-based journals or blogs that document their daily lives and thoughts .",در ایران بسیاری از روزنامه نگاران ، مفسران و جوانان ، مجلات یا وبلاگ های اینترنتی را راه اندازی کرده اند که زندگی روزانه و اندیشه های خود را مستند می کنند .,young people,جوانان,['جوانان'],9,9,45,51
,,,,"In a statement , NBI Director Nonnatus Caesar Rojas said Panlilio was caught red-handed by operatives of the NBI Anti-Graft Division while she was receiving the P20,500 bribe from complainant Sunshine Mae Pelicano .",در بیانیه ای ، مدیر NIH ، نوناتوس سزار روخاس ، گفت که پانلیانو توسط مأموران بخش ضد سرقت هنگامی که او در حال دریافت رشوه ۲۰ ٬ ۵۰۰ پوند از شاکیان سان رای پالائو بود ، دستگیر شد .,NBI Director Nonnatus Caesar Rojas,مدیر NIH نوناتوس سزار روخاس,"['مدیر', 'NIH', 'نوناتوس', 'سزار', 'روخاس']",4,9,15,44
,,,,Expulsion from the ruling party typically precedes criminal charges .,اخراج از حزب حاکم معمولاً پیش از اتهام های جنایی صورت می گیرد .,the ruling party,حزب حاکم,"['حزب', 'حاکم']",2,3,9,17
,,,,Expulsion from the ruling party typically precedes criminal charges .,اخراج از حزب حاکم معمولاً پیش از اتهام های جنایی صورت می گیرد .,charges,اتهام های,"['اتهام', 'های']",7,8,33,42
,,,,"He said that Muslim Brotherhood , whose members are key supporters of deposed president Mohamed Mursi , made many mistakes and that Mursi himself was successful neither inside the country nor in the field of foreign policy , and for these reasons the army &quot; resorted to force to topple &quot; the freely-elected president .",او گفت که اخوان المسلمین ، که اعضای کلیدی حامی رئیس جمهور سرنگون شده محمد مورسی هستند ، اشتباه های زیادی مرتکب شده و خود مورسی نه در داخل کشور و نه در سیاست خارجی موفق بوده است و به همین دلیل ارتش به زور متوسل شد تا رئیس جمهور منتخب را سرنگون کند .,deposed president Mohamed Mursi,رئیس جمهور سرنگون شده محمد مورسی,"['رئیس', 'جمهور', 'سرنگون', 'شده', 'محمد', 'مورسی']",10,15,47,79
,,,,"Crowds are gathering in downtown Madrid to mark the fifth anniversary of a protest movement that led to the creation of Podemos , now Spain &apos;s third most-popular political party .",جمعیت ها در مرکز شهر مادرید به مناسبت پنجمین سالگرد یک جنبش اعتراضی که منجر به ایجاد پوئموس ، که اکنون سومین حزب سیاسی محبوب اسپانیا است ، گرد هم آمده اند .,Crowds,جمعیت ها,"['جمعیت', 'ها']",0,1,0,8
,,,,No one was killed in the attack .,هیچ کس در این حمله کشته نشد .,No one,هیچ کس,"['هیچ', 'کس']",0,1,0,6
,,,,"In the capital of Port-au-Prince , 350 people sought treatment at Medecins Sans Frontieres facilities in the week ending November 7 .",در پایتخت پورتو پرنس ، ۳۵۰ نفر در هفته منتهی به ۷ نوامبر در مراکز پزشکی بدون مرز به دنبال درمان بودند .,Medecins Sans Frontieres,مراکز پزشکی بدون مرز,"['مراکز', 'پزشکی', 'بدون', 'مرز']",14,17,60,80
,,,,"By late Wednesday , the most-recent deaths in Arizona and Illinois had not been included in the Centers for Disease Control and Prevention &apos;s official tally of 11 U.S. deaths from the disease .",در اواخر چهارشنبه ، آخرین مرگ و میرها در آریزونا و ایلینوی در سرشماری رسمی مرکز کنترل و پیشگیری از بیماری ها قرار نداشت .,11 U.S. deaths,,[],0,0,0,0
,,,,"The World Health Organization has counted 14,557 cases of H1N1 -- 96 of them fatal -- in 48 countries .",سازمان بهداشت جهانی ۱۴ ٫ ۵۶۲ مورد از H1N1 را شمرد -- ۹۶ مورد از آن ها کشنده هستند -- در ۴۸ کشور .,The World Health Organization,سازمان بهداشت جهانی,"['سازمان', 'بهداشت', 'جهانی']",0,2,0,19
,,,,"The World Health Organization has counted 14,557 cases of H1N1 -- 96 of them fatal -- in 48 countries .",سازمان بهداشت جهانی ۱۴ ٫ ۵۶۲ مورد از H1N1 را شمرد -- ۹۶ مورد از آن ها کشنده هستند -- در ۴۸ کشور .,"14,557 cases",۱۴ ٫ مورد,"['۱۴', '٫', 'مورد']",3,6,20,33
,,,,"The World Health Organization has counted 14,557 cases of H1N1 -- 96 of them fatal -- in 48 countries .",سازمان بهداشت جهانی ۱۴ ٫ ۵۶۲ مورد از H1N1 را شمرد -- ۹۶ مورد از آن ها کشنده هستند -- در ۴۸ کشور .,96 of them,۹۶ مورد از آن ها,"['۹۶', 'مورد', 'از', 'آن', 'ها']",12,16,53,69
,,,,"When the firm collapsed in 2001 , it had a £ 1bn hole in its accounts , Southwark crown court was told .",هنگامی که شرکت در سال ۲۰۰۱ فرو ریخت ، به دادگاه سلطنتی ساوت همپتون گفته شد که یک سوراخ ۱ میلیارد پوندی در حساب هایش دارد .,collapsed,فرو ریخت,"['فرو', 'ریخت']",6,7,27,35
,,,,"When the firm collapsed in 2001 , it had a £ 1bn hole in its accounts , Southwark crown court was told .",هنگامی که شرکت در سال ۲۰۰۱ فرو ریخت ، به دادگاه سلطنتی ساوت همپتون گفته شد که یک سوراخ ۱ میلیارد پوندی در حساب هایش دارد .,it,,[],0,0,0,0
,,,,"When the firm collapsed in 2001 , it had a £ 1bn hole in its accounts , Southwark crown court was told .",هنگامی که شرکت در سال ۲۰۰۱ فرو ریخت ، به دادگاه سلطنتی ساوت همپتون گفته شد که یک سوراخ ۱ میلیارد پوندی در حساب هایش دارد .,Southwark crown court,دادگاه سلطنتی ساوت همپتون,"['دادگاه', 'سلطنتی', 'ساوت', 'همپتون']",10,13,41,66
,,,,"They each received 10-year directorship bans . They were all convicted of conspiring to defraud fellow &quot; directors , employees , actuaries , auditors , re-insurers , shareholders , policyholders and others by dishonestly withholding claims data &quot; . This saw them keeping information on so-called &quot; whiteboards &quot; and off the main system between 1998 and 2001 , the year Independent went bust .",آن ها هر کدام از آن ها به ۱۰ سال محرومیت محکوم شدند . همه آن ها به توطئه برای کلاهبرداری از همکاران ' مدیران ، کارکنان ، حسابداران ، حسابداران ، بازرسان ، سهام داران ، سهام داران ، بیمه کنندگان و دیگران با پنهان کردن داده های ادعایی ' محکوم شدند .,They,آن ها,"['آن', 'ها']",0,1,0,5
,,,,"They each received 10-year directorship bans . They were all convicted of conspiring to defraud fellow &quot; directors , employees , actuaries , auditors , re-insurers , shareholders , policyholders and others by dishonestly withholding claims data &quot; . This saw them keeping information on so-called &quot; whiteboards &quot; and off the main system between 1998 and 2001 , the year Independent went bust .",آن ها هر کدام از آن ها به ۱۰ سال محرومیت محکوم شدند . همه آن ها به توطئه برای کلاهبرداری از همکاران ' مدیران ، کارکنان ، حسابداران ، حسابداران ، بازرسان ، سهام داران ، سهام داران ، بیمه کنندگان و دیگران با پنهان کردن داده های ادعایی ' محکوم شدند .,They,آن ها,"['آن', 'ها']",15,16,58,63
,,,,"They each received 10-year directorship bans . They were all convicted of conspiring to defraud fellow &quot; directors , employees , actuaries , auditors , re-insurers , shareholders , policyholders and others by dishonestly withholding claims data &quot; . This saw them keeping information on so-called &quot; whiteboards &quot; and off the main system between 1998 and 2001 , the year Independent went bust .",آن ها هر کدام از آن ها به ۱۰ سال محرومیت محکوم شدند . همه آن ها به توطئه برای کلاهبرداری از همکاران ' مدیران ، کارکنان ، حسابداران ، حسابداران ، بازرسان ، سهام داران ، سهام داران ، بیمه کنندگان و دیگران با پنهان کردن داده های ادعایی ' محکوم شدند .,"fellow &quot; directors , employees , actuaries , auditors , re-insurers , shareholders , policyholders",همکاران ' مدیران ، کارکنان ، حسابداران ، حسابداران ، بازرسان ، سهام داران ، سهام داران ، بیمه کنندگان,"['همکاران', ""'"", 'مدیران', '،', 'کارکنان', '،', 'حسابداران', '،', 'حسابداران', '،', 'بازرسان', '،', 'سهام', 'داران', '،', 'سهام', 'داران', '،', 'بیمه', 'کنندگان']",22,41,92,193
,,,,"They each received 10-year directorship bans . They were all convicted of conspiring to defraud fellow &quot; directors , employees , actuaries , auditors , re-insurers , shareholders , policyholders and others by dishonestly withholding claims data &quot; . This saw them keeping information on so-called &quot; whiteboards &quot; and off the main system between 1998 and 2001 , the year Independent went bust .",آن ها هر کدام از آن ها به ۱۰ سال محرومیت محکوم شدند . همه آن ها به توطئه برای کلاهبرداری از همکاران ' مدیران ، کارکنان ، حسابداران ، حسابداران ، بازرسان ، سهام داران ، سهام داران ، بیمه کنندگان و دیگران با پنهان کردن داده های ادعایی ' محکوم شدند .,Independent,,[],0,0,0,0
,,,,"They each received 10-year directorship bans . They were all convicted of conspiring to defraud fellow &quot; directors , employees , actuaries , auditors , re-insurers , shareholders , policyholders and others by dishonestly withholding claims data &quot; . This saw them keeping information on so-called &quot; whiteboards &quot; and off the main system between 1998 and 2001 , the year Independent went bust .",آن ها هر کدام از آن ها به ۱۰ سال محرومیت محکوم شدند . همه آن ها به توطئه برای کلاهبرداری از همکاران ' مدیران ، کارکنان ، حسابداران ، حسابداران ، بازرسان ، سهام داران ، سهام داران ، بیمه کنندگان و دیگران با پنهان کردن داده های ادعایی ' محکوم شدند .,bust,,[],0,0,0,0
,,,,"Mubarak is scheduled to face the Cairo Criminal Court on August 3 on charges of corruption and deaths of protesters , officials have said .",مقامات اعلام کرده اند که مبارک قرار است در ۳ اوت به اتهام فساد و مرگ تظاهرکنندگان با دادگاه جنایی قاهره رو به رو شود .,Cairo Criminal Court,دادگاه جنایی قاهره,"['دادگاه', 'جنایی', 'قاهره']",18,20,85,103
,,,,"Mubarak is scheduled to face the Cairo Criminal Court on August 3 on charges of corruption and deaths of protesters , officials have said .",مقامات اعلام کرده اند که مبارک قرار است در ۳ اوت به اتهام فساد و مرگ تظاهرکنندگان با دادگاه جنایی قاهره رو به رو شود .,said,اعلام کرده اند,"['اعلام', 'کرده', 'اند']",1,3,7,21
,,,,The Islamist movement Hamas organised anti-Mubarak demonstrations in Gaza .,جنبش اسلامی حماس تظاهرات ضد مکه را در غزه سازماندهی کرد .,organised,سازماندهی کرد,"['سازماندهی', 'کرد']",9,10,42,55
,,,,"Meanwhile , in Gaza , the Islamist movement Hamas organised anti-Mubarak demonstrations .",در همین حال ، در غزه ، جنبش اسلامی حماس تظاهرات ضد مکه را سازماندهی کرد .,the Islamist movement Hamas,جنبش اسلامی حماس,"['جنبش', 'اسلامی', 'حماس']",7,9,23,39
,,,,"Meanwhile , in Gaza , the Islamist movement Hamas organised anti-Mubarak demonstrations .",در همین حال ، در غزه ، جنبش اسلامی حماس تظاهرات ضد مکه را سازماندهی کرد .,organised,سازماندهی کرد,"['سازماندهی', 'کرد']",14,15,58,71
,,,,But they overwhelmingly blame Israel and the occupation for their plight .,اما آن ها اسرائیل و اشغال اسرائیل را به خاطر مشکلاتشان سرزنش می کنند .,they,آن ها,"['آن', 'ها']",1,2,4,9
,,,,These will remain closed until further notice .,این ها تا اطلاع ثانوی تعطیل خواهند ماند .,These,این ها,"['این', 'ها']",0,1,0,6
,,,,"They also say some politicians were forced out by alleged scandals without being probed , such as former agriculture minister Nunzia Di Giralomo .",آن ها همچنین می گویند که برخی از سیاستمداران بدون اینکه مورد بازجویی قرار گیرند ، از جمله وزیر کشاورزی سابق ، نونسیا دی ژیرالومو ، به زور از زندان آزاد شدند .,They,آن ها,"['آن', 'ها']",0,1,0,5
,,,,"They also say some politicians were forced out by alleged scandals without being probed , such as former agriculture minister Nunzia Di Giralomo .",آن ها همچنین می گویند که برخی از سیاستمداران بدون اینکه مورد بازجویی قرار گیرند ، از جمله وزیر کشاورزی سابق ، نونسیا دی ژیرالومو ، به زور از زندان آزاد شدند .,say,می گویند,"['می', 'گویند']",3,4,13,21
,,,,"They also say some politicians were forced out by alleged scandals without being probed , such as former agriculture minister Nunzia Di Giralomo .",آن ها همچنین می گویند که برخی از سیاستمداران بدون اینکه مورد بازجویی قرار گیرند ، از جمله وزیر کشاورزی سابق ، نونسیا دی ژیرالومو ، به زور از زندان آزاد شدند .,some politicians,برخی از سیاستمداران,"['برخی', 'از', 'سیاستمداران']",6,8,25,44
,,,,"They also say some politicians were forced out by alleged scandals without being probed , such as former agriculture minister Nunzia Di Giralomo .",آن ها همچنین می گویند که برخی از سیاستمداران بدون اینکه مورد بازجویی قرار گیرند ، از جمله وزیر کشاورزی سابق ، نونسیا دی ژیرالومو ، به زور از زندان آزاد شدند .,forced out,به زور از زندان آزاد شدند,"['به', 'زور', 'از', 'زندان', 'آزاد', 'شدند']",26,31,131,156
,,,,"They also say some politicians were forced out by alleged scandals without being probed , such as former agriculture minister Nunzia Di Giralomo .",آن ها همچنین می گویند که برخی از سیاستمداران بدون اینکه مورد بازجویی قرار گیرند ، از جمله وزیر کشاورزی سابق ، نونسیا دی ژیرالومو ، به زور از زندان آزاد شدند .,scandals,,[],0,0,0,0
,,,,"Political observers here said the outcome of a Chand-Singh contest would determine whether the assembly assumes greater powers in Nepal &apos;s political system , although they said the king and his palace counselors will likely continue as the real power center .",ناظران سیاسی در اینجا می گویند نتیجه یک مسابقه چاند-سینگ می تواند تعیین کند که آیا مجلس قدرت بیشتری در نظام سیاسی نپال به دست خواهد آورد یا خیر ، اگر چه آن ها می گویند که پادشاه و مشاوران کاخ او احتمالاً به عنوان مرکز قدرت واقعی ادامه خواهند داد .,Political observers,ناظران سیاسی,"['ناظران', 'سیاسی']",0,1,0,12
,,,,"Political observers here said the outcome of a Chand-Singh contest would determine whether the assembly assumes greater powers in Nepal &apos;s political system , although they said the king and his palace counselors will likely continue as the real power center .",ناظران سیاسی در اینجا می گویند نتیجه یک مسابقه چاند-سینگ می تواند تعیین کند که آیا مجلس قدرت بیشتری در نظام سیاسی نپال به دست خواهد آورد یا خیر ، اگر چه آن ها می گویند که پادشاه و مشاوران کاخ او احتمالاً به عنوان مرکز قدرت واقعی ادامه خواهند داد .,said,می گویند,"['می', 'گویند']",4,5,22,30
,,,,"Political observers here said the outcome of a Chand-Singh contest would determine whether the assembly assumes greater powers in Nepal &apos;s political system , although they said the king and his palace counselors will likely continue as the real power center .",ناظران سیاسی در اینجا می گویند نتیجه یک مسابقه چاند-سینگ می تواند تعیین کند که آیا مجلس قدرت بیشتری در نظام سیاسی نپال به دست خواهد آورد یا خیر ، اگر چه آن ها می گویند که پادشاه و مشاوران کاخ او احتمالاً به عنوان مرکز قدرت واقعی ادامه خواهند داد .,Chand-Singh,چاند-سینگ,['چاند-سینگ'],9,9,47,56
,,,,"Political observers here said the outcome of a Chand-Singh contest would determine whether the assembly assumes greater powers in Nepal &apos;s political system , although they said the king and his palace counselors will likely continue as the real power center .",ناظران سیاسی در اینجا می گویند نتیجه یک مسابقه چاند-سینگ می تواند تعیین کند که آیا مجلس قدرت بیشتری در نظام سیاسی نپال به دست خواهد آورد یا خیر ، اگر چه آن ها می گویند که پادشاه و مشاوران کاخ او احتمالاً به عنوان مرکز قدرت واقعی ادامه خواهند داد .,said,می گویند,"['می', 'گویند']",34,35,159,167
,,,,"At the same time , leaders here will press the case with diplomats from abroad that the military is the only hope to prevent further chaos in Cairo .",در عین حال رهبران حاضر در اینجا با دیپلمات های خارج از کشور در این مورد بحث می کنند که ارتش تنها امید برای جلوگیری از هرج و مرج بیشتر در قاهره است .,press the case,در این مورد بحث می کنند,"['در', 'این', 'مورد', 'بحث', 'می', 'کنند']",13,18,60,83
,,,,"At the same time , leaders here will press the case with diplomats from abroad that the military is the only hope to prevent further chaos in Cairo .",در عین حال رهبران حاضر در اینجا با دیپلمات های خارج از کشور در این مورد بحث می کنند که ارتش تنها امید برای جلوگیری از هرج و مرج بیشتر در قاهره است .,diplomats,دیپلمات های,"['دیپلمات', 'های']",8,9,35,46
,,,,"While Taiwan ’ s initial efforts to control the spread of the virus have won praise at home and abroad , it is now facing an upsurge in cases from people bringing the virus with them to the island , as are some other countries in Asia .",در حالی که تلاش های اولیه تایوان برای کنترل گسترش ویروس در داخل و خارج از کشور مورد تحسین قرار گرفته است ، اما در حال حاضر با افزایش موارد ابتلا به این ویروس از طریق افرادی که این ویروس را با خود به جزیره می آورند ، مواجه است .,the virus,ویروس,['ویروس'],10,10,50,55
,,,,"While Taiwan ’ s initial efforts to control the spread of the virus have won praise at home and abroad , it is now facing an upsurge in cases from people bringing the virus with them to the island , as are some other countries in Asia .",در حالی که تلاش های اولیه تایوان برای کنترل گسترش ویروس در داخل و خارج از کشور مورد تحسین قرار گرفته است ، اما در حال حاضر با افزایش موارد ابتلا به این ویروس از طریق افرادی که این ویروس را با خود به جزیره می آورند ، مواجه است .,the island,جزیره,['جزیره'],44,44,199,204
,,,,Supporters of an extreme right party which entered Greece &apos;s parliament for the first time in the 6 May elections have clashed with police during an anti-immigrant protest in the western port of Patras .,حامیان یک حزب راست افراطی که برای اولین بار در انتخابات ۶ مه برای اولین بار وارد پارلمان یونان شد ، در جریان یک تظاهرات ضد مهاجرتی در بندر غربی پاتراس با پلیس درگیر شدند .,Greece &apos;s parliament,پارلمان یونان,"['پارلمان', 'یونان']",17,18,81,94
,,,,Death toll in December &apos;s Cairo church bombing rises to 29,مرگ و میر در بمباران کلیسای قاهره در دسامبر به ۲۹ نفر افزایش یافت .,Cairo church,کلیسای قاهره,"['کلیسای', 'قاهره']",5,6,21,33
,,,,Death toll in December &apos;s Cairo church bombing rises to 29,مرگ و میر در بمباران کلیسای قاهره در دسامبر به ۲۹ نفر افزایش یافت .,29,۲۹,['۲۹'],10,10,47,49
,,,,"Colombia &apos;s main rebel group , the Revolutionary Armed Forces of Colombia , or FARC , has released a video of an abducted congressman as proof the politician is alive .",گروه شورشی اصلی کلمبیا ، نیروهای مسلح انقلابی کلمبیا ، یا فارک ، ویدئویی از یک نماینده کنگره ربوده شده منتشر کرده اند تا ثابت کنند که او زنده است .,an abducted congressman,یک نماینده کنگره ربوده شده,"['یک', 'نماینده', 'کنگره', 'ربوده', 'شده']",15,19,76,102
,,,,"Established as the military wing of the Colombian Communist Party in 1964 , FARC is Colombia &apos; s oldest , largest and best-equipped Marxist rebel group , according to the U.S. Department of State .",این سازمان به عنوان شاخه نظامی حزب کمونیست کلمبیا در سال ۱۹۶۴ تأسیس شد و قدیمی ترین ، بزرگترین و مجهزترین گروه شورشی مارکسیستی در کلمبیا است .,according,,[],0,0,0,0
,,,,"Established as the military wing of the Colombian Communist Party in 1964 , FARC is Colombia &apos; s oldest , largest and best-equipped Marxist rebel group , according to the U.S. Department of State .",این سازمان به عنوان شاخه نظامی حزب کمونیست کلمبیا در سال ۱۹۶۴ تأسیس شد و قدیمی ترین ، بزرگترین و مجهزترین گروه شورشی مارکسیستی در کلمبیا است .,the U.S. Department of State,,[],0,0,0,0
,,,,A Catholic archbishop was kidnapped today in the northern Iraqi city of Mosul .,یک اسقف اعظم کاتولیک در شهر موصل در شمال عراق ربوده شد .,A Catholic archbishop,یک اسقف اعظم کاتولیک,"['یک', 'اسقف', 'اعظم', 'کاتولیک']",0,3,0,20
,,,,"Witnesses said Basile Georges Casmoussa , 66 , was seized by gunmen as he was walking in front of his church .",شاهدها می گویند که باسیل ژرژ کاسماسا ۶۶ ساله هنگام عبور از جلوی کلیسا توسط افراد مسلح دستگیر شد .,said,می گویند,"['می', 'گویند']",1,2,7,15
,,,,"As Mubarak Digs In , U.S. Policy in Egypt Is Complicated",همان طور که مبارک در مصر نفوذ می کند ، سیاست آمریکا در مصر پیچیده است .,U.S.,آمریکا,['آمریکا'],11,11,45,51
,,,,"But human rights advocates say that so far Mr. Suleiman , who also is in charge of Egyptian intelligence , has shown no sign of discontinuing the practice of extra-legal detention of political opponents — a hallmark of President Hosni Mubarak ’ s nearly 30-year rule that is a central grievance of the protesters in the streets .",اما مدافعان حقوق بشر می گویند که تا به حال آقای سلیمان که مسئول اطلاعات مصر نیز هست ، هیچ نشانه ای از توقف حبس بیش از حد قانونی مخالفان سیاسی نشان نداده است - این نشانه بارز حکومت تقریباً ۳۰ ساله حسنی مبارک رئیس جمهور مصر است که شکایت اصلی معترضان در خیابان ها است .,human rights advocates,مدافعان حقوق بشر,"['مدافعان', 'حقوق', 'بشر']",1,3,4,20
,,,,"But human rights advocates say that so far Mr. Suleiman , who also is in charge of Egyptian intelligence , has shown no sign of discontinuing the practice of extra-legal detention of political opponents — a hallmark of President Hosni Mubarak ’ s nearly 30-year rule that is a central grievance of the protesters in the streets .",اما مدافعان حقوق بشر می گویند که تا به حال آقای سلیمان که مسئول اطلاعات مصر نیز هست ، هیچ نشانه ای از توقف حبس بیش از حد قانونی مخالفان سیاسی نشان نداده است - این نشانه بارز حکومت تقریباً ۳۰ ساله حسنی مبارک رئیس جمهور مصر است که شکایت اصلی معترضان در خیابان ها است .,say,می گویند,"['می', 'گویند']",4,5,21,29
,,,,"But human rights advocates say that so far Mr. Suleiman , who also is in charge of Egyptian intelligence , has shown no sign of discontinuing the practice of extra-legal detention of political opponents — a hallmark of President Hosni Mubarak ’ s nearly 30-year rule that is a central grievance of the protesters in the streets .",اما مدافعان حقوق بشر می گویند که تا به حال آقای سلیمان که مسئول اطلاعات مصر نیز هست ، هیچ نشانه ای از توقف حبس بیش از حد قانونی مخالفان سیاسی نشان نداده است - این نشانه بارز حکومت تقریباً ۳۰ ساله حسنی مبارک رئیس جمهور مصر است که شکایت اصلی معترضان در خیابان ها است .,Egyptian intelligence,اطلاعات مصر,"['اطلاعات', 'مصر']",14,15,64,75
,,,,"But human rights advocates say that so far Mr. Suleiman , who also is in charge of Egyptian intelligence , has shown no sign of discontinuing the practice of extra-legal detention of political opponents — a hallmark of President Hosni Mubarak ’ s nearly 30-year rule that is a central grievance of the protesters in the streets .",اما مدافعان حقوق بشر می گویند که تا به حال آقای سلیمان که مسئول اطلاعات مصر نیز هست ، هیچ نشانه ای از توقف حبس بیش از حد قانونی مخالفان سیاسی نشان نداده است - این نشانه بارز حکومت تقریباً ۳۰ ساله حسنی مبارک رئیس جمهور مصر است که شکایت اصلی معترضان در خیابان ها است .,political opponents,مخالفان سیاسی,"['مخالفان', 'سیاسی']",29,30,128,141
,,,,"An outbreak of Ebola hemorrhagic fever in West Africa has spread to Guinea &apos;s capital and beyond its borders in an &quot; unprecedented epidemic , &quot; a leading aid agency reported Monday .",یک شیوع تب واگیر ابولا در غرب آفریقا به پایتخت گینه و فراتر از مرزهای آن در یک « همه گیری بی سابقه » گزارش داده است .,Ebola hemorrhagic fever,تب واگیر ابولا,"['تب', 'واگیر', 'ابولا']",2,4,8,22
,,,,"An outbreak of Ebola hemorrhagic fever in West Africa has spread to Guinea &apos;s capital and beyond its borders in an &quot; unprecedented epidemic , &quot; a leading aid agency reported Monday .",یک شیوع تب واگیر ابولا در غرب آفریقا به پایتخت گینه و فراتر از مرزهای آن در یک « همه گیری بی سابقه » گزارش داده است .,epidemic,همه گیری,"['همه', 'گیری']",19,20,81,89
,,,,"An outbreak of Ebola hemorrhagic fever in West Africa has spread to Guinea &apos;s capital and beyond its borders in an &quot; unprecedented epidemic , &quot; a leading aid agency reported Monday .",یک شیوع تب واگیر ابولا در غرب آفریقا به پایتخت گینه و فراتر از مرزهای آن در یک « همه گیری بی سابقه » گزارش داده است .,a leading aid agency,,[],0,0,0,0
,,,,A 49-year-old doctor was arrested Saturday for throwing a shoe at Greek Prime Minister George Papandreou in protest of the government &apos;s austerity measures .,یک دکتر چهل و نه ساله به دلیل اصابت یک کفش به نخست وزیر یونان جورج پاپولدو در اعتراض به اقدامات تحمیلی دولت دستگیر شد .,A 49-year-old doctor,یک دکتر چهل و نه ساله,"['یک', 'دکتر', 'چهل', 'و', 'نه', 'ساله']",0,5,0,21
,,,,A 49-year-old doctor was arrested Saturday for throwing a shoe at Greek Prime Minister George Papandreou in protest of the government &apos;s austerity measures .,یک دکتر چهل و نه ساله به دلیل اصابت یک کفش به نخست وزیر یونان جورج پاپولدو در اعتراض به اقدامات تحمیلی دولت دستگیر شد .,Greek Prime Minister George Papandreou,نخست وزیر یونان جورج پاپولدو,"['نخست', 'وزیر', 'یونان', 'جورج', 'پاپولدو']",12,16,46,74
,,,,A 49-year-old doctor was arrested Saturday for throwing a shoe at Greek Prime Minister George Papandreou in protest of the government &apos;s austerity measures .,یک دکتر چهل و نه ساله به دلیل اصابت یک کفش به نخست وزیر یونان جورج پاپولدو در اعتراض به اقدامات تحمیلی دولت دستگیر شد .,the government,دولت,['دولت'],22,22,103,107
,,,,"&quot; We knew he attended school in Yemen , and one of the mosques he was visiting in Sanaa we &apos;ve been surveilling and questioning some of the people there to see whether he has links or not , &quot; he said .",او می گوید : « ما می دانستیم که او به مدرسه ای در یمن می رود و یکی از مساجد در صنعا را ملاقات می کند .,one of the mosques,یکی از مساجد,"['یکی', 'از', 'مساجد']",18,20,63,75
,,,,"&quot; We knew he attended school in Yemen , and one of the mosques he was visiting in Sanaa we &apos;ve been surveilling and questioning some of the people there to see whether he has links or not , &quot; he said .",او می گوید : « ما می دانستیم که او به مدرسه ای در یمن می رود و یکی از مساجد در صنعا را ملاقات می کند .,we,,[],0,0,0,0
,,,,"&quot; We knew he attended school in Yemen , and one of the mosques he was visiting in Sanaa we &apos;ve been surveilling and questioning some of the people there to see whether he has links or not , &quot; he said .",او می گوید : « ما می دانستیم که او به مدرسه ای در یمن می رود و یکی از مساجد در صنعا را ملاقات می کند .,surveilling,,[],0,0,0,0
,,,,"&quot; We knew he attended school in Yemen , and one of the mosques he was visiting in Sanaa we &apos;ve been surveilling and questioning some of the people there to see whether he has links or not , &quot; he said .",او می گوید : « ما می دانستیم که او به مدرسه ای در یمن می رود و یکی از مساجد در صنعا را ملاقات می کند .,questioning,,[],0,0,0,0
,,,,"&quot; We knew he attended school in Yemen , and one of the mosques he was visiting in Sanaa we &apos;ve been surveilling and questioning some of the people there to see whether he has links or not , &quot; he said .",او می گوید : « ما می دانستیم که او به مدرسه ای در یمن می رود و یکی از مساجد در صنعا را ملاقات می کند .,some of the people,,[],0,0,0,0
,,,,"&quot; We knew he attended school in Yemen , and one of the mosques he was visiting in Sanaa we &apos;ve been surveilling and questioning some of the people there to see whether he has links or not , &quot; he said .",او می گوید : « ما می دانستیم که او به مدرسه ای در یمن می رود و یکی از مساجد در صنعا را ملاقات می کند .,said,می گوید,"['می', 'گوید']",1,2,3,10
,,,,"AbdulMutallab bought his ticket to travel from Lagos , Nigeria , to Detroit , Michigan , via Amsterdam the day before the first attack , according to Nigerian officials .",بنا به گفته مقامات نیجریه ، عبدالملوک بلیط سفر خود را از لاگوس نیجریه به دیترویت در میشیگان ، روز قبل از حمله اول از طریق آمستردام خریده است .,according,بنا به گفته,"['بنا', 'به', 'گفته']",0,2,0,11
,,,,"AbdulMutallab bought his ticket to travel from Lagos , Nigeria , to Detroit , Michigan , via Amsterdam the day before the first attack , according to Nigerian officials .",بنا به گفته مقامات نیجریه ، عبدالملوک بلیط سفر خود را از لاگوس نیجریه به دیترویت در میشیگان ، روز قبل از حمله اول از طریق آمستردام خریده است .,Nigerian officials,مقامات نیجریه,"['مقامات', 'نیجریه']",3,4,12,25
,,,,Egypt names new foreign minister,مصر نام وزیر امور خارجه جدید را بر آن نهاد .,new foreign minister,وزیر امور خارجه جدید,"['وزیر', 'امور', 'خارجه', 'جدید']",2,5,8,28
,,,,After the 14 were suspended – all on full pay – Pentonville was forced to close a wing as it had insufficient staff to make it secure .,پس از اینکه ۱۴ نفر به طور کامل تعلیق شدند ، پنتنویل مجبور به بستن یک بخش شد ، زیرا کارکنان کافی برای اطمینان از این امر نداشت .,the 14,۱۴ نفر,"['۱۴', 'نفر']",3,4,12,18
,,,,"Two of the 14 officers were charged and found guilty , but both these convictions were overturned on appeal .",دو تن از ۱۴ افسر متهم و گناهکار شناخته شدند ، اما هر دو این محکومیت ها در فرجام خواهی لغو شد .,Two of the 14 officers,دو تن از ۱۴ افسر,"['دو', 'تن', 'از', '۱۴', 'افسر']",0,4,0,16
,,,,"Two of the 14 officers were charged and found guilty , but both these convictions were overturned on appeal .",دو تن از ۱۴ افسر متهم و گناهکار شناخته شدند ، اما هر دو این محکومیت ها در فرجام خواهی لغو شد .,found guilty,گناهکار شناخته شدند,"['گناهکار', 'شناخته', 'شدند']",7,9,24,43
,,,,"Two of the 14 officers were charged and found guilty , but both these convictions were overturned on appeal .",دو تن از ۱۴ افسر متهم و گناهکار شناخته شدند ، اما هر دو این محکومیت ها در فرجام خواهی لغو شد .,appeal,فرجام خواهی,"['فرجام', 'خواهی']",18,19,74,85
,,,,Teenager jailed for seven years for attack on Jewish teacher in France,نوجوان به جرم حمله به معلم یهودی در فرانسه به هفت سال زندان محکوم شد .,jailed,زندان محکوم شد,"['زندان', 'محکوم', 'شد']",12,14,54,68
,,,,Teenager jailed for seven years for attack on Jewish teacher in France,نوجوان به جرم حمله به معلم یهودی در فرانسه به هفت سال زندان محکوم شد .,Jewish teacher,معلم یهودی,"['معلم', 'یهودی']",5,6,22,32
,,,,"Israel says the military assault is in response to ongoing rocket strikes on Israel , which have killed two Israelis .",اسرائیل می گوید حملات موشکی در پاسخ به اسرائیل در حال انجام است که دو اسرائیلی را کشت .,Israel,اسرائیل,['اسرائیل'],0,0,0,7
,,,,"Israel says the military assault is in response to ongoing rocket strikes on Israel , which have killed two Israelis .",اسرائیل می گوید حملات موشکی در پاسخ به اسرائیل در حال انجام است که دو اسرائیلی را کشت .,says,می گوید,"['می', 'گوید']",1,2,8,15
,,,,"Israel says the military assault is in response to ongoing rocket strikes on Israel , which have killed two Israelis .",اسرائیل می گوید حملات موشکی در پاسخ به اسرائیل در حال انجام است که دو اسرائیلی را کشت .,assault,حملات,['حملات'],3,3,16,21
,,,,"Israel says the military assault is in response to ongoing rocket strikes on Israel , which have killed two Israelis .",اسرائیل می گوید حملات موشکی در پاسخ به اسرائیل در حال انجام است که دو اسرائیلی را کشت .,killed,کشت,['کشت'],17,17,82,85
,,,,"&quot; The march was peaceful and diverse , &quot; said Aly Verjee , director of the international election observation mission to Djibouti , who witnessed the event .",' راهپیمایی صلح آمیز و متنوع بود .,said,,[],0,0,0,0
,,,,"&quot; The march was peaceful and diverse , &quot; said Aly Verjee , director of the international election observation mission to Djibouti , who witnessed the event .",' راهپیمایی صلح آمیز و متنوع بود .,Aly Verjee,,[],0,0,0,0
,,,,"The two cars exploded when security forces fired at them after their drivers refused to stop near a police station in the Northern Sinai town of Sheikh Zuweid , security sources said .",این دو خودرو وقتی منفجر شدند که نیروهای امنیتی به آن ها شلیک کردند که رانندگان آن ها از توقف در نزدیکی یک ایستگاه پلیس در شمال سینا خودداری کردند .,security forces,نیروهای امنیتی,"['نیروهای', 'امنیتی']",7,8,32,46
,,,,"The two cars exploded when security forces fired at them after their drivers refused to stop near a police station in the Northern Sinai town of Sheikh Zuweid , security sources said .",این دو خودرو وقتی منفجر شدند که نیروهای امنیتی به آن ها شلیک کردند که رانندگان آن ها از توقف در نزدیکی یک ایستگاه پلیس در شمال سینا خودداری کردند .,their drivers,رانندگان آن ها,"['رانندگان', 'آن', 'ها']",15,17,70,84
,,,,"The two cars exploded when security forces fired at them after their drivers refused to stop near a police station in the Northern Sinai town of Sheikh Zuweid , security sources said .",این دو خودرو وقتی منفجر شدند که نیروهای امنیتی به آن ها شلیک کردند که رانندگان آن ها از توقف در نزدیکی یک ایستگاه پلیس در شمال سینا خودداری کردند .,security sources,,[],0,0,0,0
,,,,"The two cars exploded when security forces fired at them after their drivers refused to stop near a police station in the Northern Sinai town of Sheikh Zuweid , security sources said .",این دو خودرو وقتی منفجر شدند که نیروهای امنیتی به آن ها شلیک کردند که رانندگان آن ها از توقف در نزدیکی یک ایستگاه پلیس در شمال سینا خودداری کردند .,said,,[],0,0,0,0
,,,,The men had said they were innocent and claimed they were tortured in jail .,مردان گفته بودند که بیگناه هستند و در زندان شکنجه شده اند .,The men,مردان,['مردان'],0,0,0,5
,,,,The men had said they were innocent and claimed they were tortured in jail .,مردان گفته بودند که بیگناه هستند و در زندان شکنجه شده اند .,claimed,,[],0,0,0,0
,,,,"The men , dubbed the &quot; D.C. Five , &quot; will also have to pay a fine of 75,000 Pakistani rupees ( $ 878 ) , public prosecutor Nadim Cheema said .",دادستان کل نادیم چما می گوید : این پنج مرد باید جریمه ۷۵۰۰۰ روپیه پاکستان ( ۸۷۸ دلار ) پرداخت کنند .,the &quot; D.C. Five,,[],0,0,0,0
,,,,"The men , dubbed the &quot; D.C. Five , &quot; will also have to pay a fine of 75,000 Pakistani rupees ( $ 878 ) , public prosecutor Nadim Cheema said .",دادستان کل نادیم چما می گوید : این پنج مرد باید جریمه ۷۵۰۰۰ روپیه پاکستان ( ۸۷۸ دلار ) پرداخت کنند .,said,می گوید,"['می', 'گوید']",4,5,21,28
,,,,"Rousseff herself has not been named in the investigation , but former Petrobras executives have told investigators that construction companies paid millions of dollars in bribes to secure lucrative contracts .",خود روسف در این تحقیقات نام برده نشده است ، اما مدیران سابق پتروبراس به محققان گفته اند که شرکت های ساخت و ساز میلیون ها دلار رشوه داده اند تا قراردادهای پرسود را تضمین کنند .,Petrobras,پتروبراس,['پتروبراس'],13,13,60,68
,,,,The presidential office did not comment on the PSDB &apos;s allegations .,دفتر ریاست جمهوری در مورد اتهامات DPDB اظهار نظر نکرد .,The presidential office,دفتر ریاست جمهوری,"['دفتر', 'ریاست', 'جمهوری']",0,2,0,17
,,,,The presidential office did not comment on the PSDB &apos;s allegations .,دفتر ریاست جمهوری در مورد اتهامات DPDB اظهار نظر نکرد .,comment,اظهار نظر نکرد,"['اظهار', 'نظر', 'نکرد']",7,9,39,53
,,,,Egypt braced for further unrest on Friday with supporters of deposed president Mohammed Mursi calling for mass protests against the army takeover .,مصر برای ناآرامی های بیشتری در روز جمعه با حامیان محمد مورسی رئیس جمهور سرنگون شده آماده می شد و خواستار اعتراضات گسترده علیه سلطه ارتش شد .,unrest,ناآرامی های,"['ناآرامی', 'های']",2,3,9,20
,,,,Egypt braced for further unrest on Friday with supporters of deposed president Mohammed Mursi calling for mass protests against the army takeover .,مصر برای ناآرامی های بیشتری در روز جمعه با حامیان محمد مورسی رئیس جمهور سرنگون شده آماده می شد و خواستار اعتراضات گسترده علیه سلطه ارتش شد .,deposed president Mohammed Mursi,محمد مورسی رئیس جمهور سرنگون شده,"['محمد', 'مورسی', 'رئیس', 'جمهور', 'سرنگون', 'شده']",10,15,50,82
,,,,Egypt braced for further unrest on Friday with supporters of deposed president Mohammed Mursi calling for mass protests against the army takeover .,مصر برای ناآرامی های بیشتری در روز جمعه با حامیان محمد مورسی رئیس جمهور سرنگون شده آماده می شد و خواستار اعتراضات گسترده علیه سلطه ارتش شد .,calling for,خواستار,['خواستار'],20,20,97,104
,,,,Brotherhood supporters say the real figure is far higher .,طرفداران انجمن اخوت می گویند که رقم واقعی بسیار بیشتر است .,Brotherhood supporters,طرفداران انجمن اخوت,"['طرفداران', 'انجمن', 'اخوت']",0,2,0,19
,,,,Brotherhood supporters say the real figure is far higher .,طرفداران انجمن اخوت می گویند که رقم واقعی بسیار بیشتر است .,say,می گویند,"['می', 'گویند']",3,4,20,28
,,,,"Barro said the main opposition and civil society movement against Wade , the June 23 Movement ( M23 ) was also planning further activities in coming days .",بارو گفت که اصلی ترین مخالفین و جنبش جامعه مدنی علیه وید جنبش ۲۳ ژوئن ( M23 ) نیز در روزهای آتی برنامه ریزی کرده اند .,the June 23 Movement,جنبش ۲۳ ژوئن,"['جنبش', '۲۳', 'ژوئن']",12,14,57,69
,,,,"Barro said the main opposition and civil society movement against Wade , the June 23 Movement ( M23 ) was also planning further activities in coming days .",بارو گفت که اصلی ترین مخالفین و جنبش جامعه مدنی علیه وید جنبش ۲۳ ژوئن ( M23 ) نیز در روزهای آتی برنامه ریزی کرده اند .,planning,برنامه ریزی,"['برنامه', 'ریزی']",22,23,96,107
,,,,"Barro said the main opposition and civil society movement against Wade , the June 23 Movement ( M23 ) was also planning further activities in coming days .",بارو گفت که اصلی ترین مخالفین و جنبش جامعه مدنی علیه وید جنبش ۲۳ ژوئن ( M23 ) نیز در روزهای آتی برنامه ریزی کرده اند .,activities,,[],0,0,0,0
,,,,"On Wednesday , Egypt launched a brutal crackdown on thousands of peaceful protesters in Cairo demanding the reinstatement of Mursi .",در روز چهارشنبه ، مصر فشار بی رحمانه ای را بر روی هزاران معترض صلح آمیز در قاهره آغاز کرد و خواستار بازگشت مرسی شد .,thousands of peaceful protesters,هزاران معترض صلح آمیز,"['هزاران', 'معترض', 'صلح', 'آمیز']",12,15,50,71
,,,,"Tusk ’ s appearance comes at a time when Warsaw has been increasingly at odds with Brussels because of the PiS government ’ s controversial interference in the courts , large-scale logging in a primeval forest and a refusal to accept migrants .",حضور تاسک در زمانی اتفاق می افتد که ورشو به طور فزاینده ای با بروکسل به دلیل دخالت بحث برانگیز دولت پی اس در دادگاه ها ، قطع درختان در جنگل های اصلی و امتناع از پذیرش مهاجران در تضاد بوده است .,the PiS government,دولت پی اس,"['دولت', 'پی', 'اس']",20,22,95,105
,,,,"Tusk ’ s appearance comes at a time when Warsaw has been increasingly at odds with Brussels because of the PiS government ’ s controversial interference in the courts , large-scale logging in a primeval forest and a refusal to accept migrants .",حضور تاسک در زمانی اتفاق می افتد که ورشو به طور فزاینده ای با بروکسل به دلیل دخالت بحث برانگیز دولت پی اس در دادگاه ها ، قطع درختان در جنگل های اصلی و امتناع از پذیرش مهاجران در تضاد بوده است .,the courts,دادگاه ها,"['دادگاه', 'ها']",24,25,109,118
,,,,"Tusk ’ s appearance comes at a time when Warsaw has been increasingly at odds with Brussels because of the PiS government ’ s controversial interference in the courts , large-scale logging in a primeval forest and a refusal to accept migrants .",حضور تاسک در زمانی اتفاق می افتد که ورشو به طور فزاینده ای با بروکسل به دلیل دخالت بحث برانگیز دولت پی اس در دادگاه ها ، قطع درختان در جنگل های اصلی و امتناع از پذیرش مهاجران در تضاد بوده است .,logging,قطع درختان,"['قطع', 'درختان']",27,28,121,131
,,,,"Tusk ’ s appearance comes at a time when Warsaw has been increasingly at odds with Brussels because of the PiS government ’ s controversial interference in the courts , large-scale logging in a primeval forest and a refusal to accept migrants .",حضور تاسک در زمانی اتفاق می افتد که ورشو به طور فزاینده ای با بروکسل به دلیل دخالت بحث برانگیز دولت پی اس در دادگاه ها ، قطع درختان در جنگل های اصلی و امتناع از پذیرش مهاجران در تضاد بوده است .,a primeval forest,جنگل های اصلی,"['جنگل', 'های', 'اصلی']",30,32,135,148
,,,,Critics of ousted South Korean president Park Geun-hye have called for her arrest on Saturday ( 11 March ) a day after she was permanently removed from the presidential office for her role in a corruption scandal .,منتقدان رئیس جمهور سابق کره جنوبی ، پارک گیون هی ، روز شنبه ( یازده مارس ) ، یک روز پس از این که او به طور دائم به خاطر نقشش در یک افتضاح فساد از دفتر ریاست جمهوری برکنار شد ، خواستار دستگیری او شدند .,ousted South Korean president Park Geun-hye,رئیس جمهور سابق کره جنوبی ، پارک گیون هی ،,"['رئیس', 'جمهور', 'سابق', 'کره', 'جنوبی', '،', 'پارک', 'گیون', 'هی', '،']",1,10,8,50
,,,,The ruling followed months of political paralysis and turmoil over the corruption scandal that also found the head of the Samsung Company in trouble .,این حکم به دنبال ماه ها فلج سیاسی و آشفتگی بر سر رسوایی های فساد مالی بود که رئیس شرکت سامسونگ را نیز به دردسر انداخت .,the head of the Samsung Company,رئیس شرکت سامسونگ,"['رئیس', 'شرکت', 'سامسونگ']",18,20,77,94
,,,,The ruling followed months of political paralysis and turmoil over the corruption scandal that also found the head of the Samsung Company in trouble .,این حکم به دنبال ماه ها فلج سیاسی و آشفتگی بر سر رسوایی های فساد مالی بود که رئیس شرکت سامسونگ را نیز به دردسر انداخت .,in trouble,به دردسر,"['به', 'دردسر']",23,24,102,110
,,,,"Andimuthu Raja , a former telecommunication minister , is accused of being part of a scheme involving the underselling of cell phone licenses at the height of India &apos;s lucrative telecom boom .",آندومیتو راجا ، وزیر سابق ارتباطات از راه دور ، به عنوان بخشی از یک طرح شامل فروش پایین مجوزهای تلفن همراه در اوج شکوفایی شرکت های مخابراتی پر سود هند شناخته می شود .,accused,شناخته می شود,"['شناخته', 'می', 'شود']",31,33,151,164
,,,,"Andimuthu Raja , a former telecommunication minister , is accused of being part of a scheme involving the underselling of cell phone licenses at the height of India &apos;s lucrative telecom boom .",آندومیتو راجا ، وزیر سابق ارتباطات از راه دور ، به عنوان بخشی از یک طرح شامل فروش پایین مجوزهای تلفن همراه در اوج شکوفایی شرکت های مخابراتی پر سود هند شناخته می شود .,underselling,فروش پایین,"['فروش', 'پایین']",17,18,77,87
,,,,Norovirus cited in Olive Garden outbreak,نوروویروس ذکر شده در شیوع باغ زیتون,Olive Garden,باغ زیتون,"['باغ', 'زیتون']",5,6,26,35
,,,,The Investigative Committee said that Ulyukayev had been caught accepting the bribe .,کمیته تحقیق اعلام کرد که اولیویا کوف رشوه را پذیرفته است .,The Investigative Committee,کمیته تحقیق,"['کمیته', 'تحقیق']",0,1,0,11
,,,,The Investigative Committee said that Ulyukayev had been caught accepting the bribe .,کمیته تحقیق اعلام کرد که اولیویا کوف رشوه را پذیرفته است .,said,اعلام کرد,"['اعلام', 'کرد']",2,3,12,21
,,,,The Investigative Committee said that Ulyukayev had been caught accepting the bribe .,کمیته تحقیق اعلام کرد که اولیویا کوف رشوه را پذیرفته است .,Ulyukayev,اولیویا کوف,"['اولیویا', 'کوف']",5,6,25,36
,,,,"Rosneft declined to comment on the investigation , but said the Bashneft deal complied with Russian laws .",راستوف از اظهار نظر در این باره خودداری کرد اما گفت که معامله با باشرف با قوانین روسیه مطابقت دارد .,Rosneft,راستوف,['راستوف'],0,0,0,6
,,,,"Rosneft declined to comment on the investigation , but said the Bashneft deal complied with Russian laws .",راستوف از اظهار نظر در این باره خودداری کرد اما گفت که معامله با باشرف با قوانین روسیه مطابقت دارد .,comment,اظهار نظر,"['اظهار', 'نظر']",2,3,10,19
,,,,"Rosneft declined to comment on the investigation , but said the Bashneft deal complied with Russian laws .",راستوف از اظهار نظر در این باره خودداری کرد اما گفت که معامله با باشرف با قوانین روسیه مطابقت دارد .,investigation,,[],0,0,0,0
,,,,"A Victorian man has been charged with making corrupt payments of $ 104,000 to former Ipswich City Council chief executive Carl Wulff and his wife .",یک مرد ویکتوریایی به پرداخت 104000 دلار به مدیر اجرایی شورای شهر اکستر ، کارل وولف و همسرش متهم شده است .,A Victorian man,یک مرد ویکتوریایی,"['یک', 'مرد', 'ویکتوریایی']",0,2,0,17
,,,,"A Victorian man has been charged with making corrupt payments of $ 104,000 to former Ipswich City Council chief executive Carl Wulff and his wife .",یک مرد ویکتوریایی به پرداخت 104000 دلار به مدیر اجرایی شورای شهر اکستر ، کارل وولف و همسرش متهم شده است .,payments,پرداخت,['پرداخت'],4,4,21,27
,,,,"A Victorian man has been charged with making corrupt payments of $ 104,000 to former Ipswich City Council chief executive Carl Wulff and his wife .",یک مرد ویکتوریایی به پرداخت 104000 دلار به مدیر اجرایی شورای شهر اکستر ، کارل وولف و همسرش متهم شده است .,former Ipswich City Council chief executive Carl Wulff,مدیر اجرایی شورای شهر اکستر ، کارل وولف,"['مدیر', 'اجرایی', 'شورای', 'شهر', 'اکستر', '،', 'کارل', 'وولف']",8,15,43,82
,,,,"A Victorian man has been charged with making corrupt payments of $ 104,000 to former Ipswich City Council chief executive Carl Wulff and his wife .",یک مرد ویکتوریایی به پرداخت 104000 دلار به مدیر اجرایی شورای شهر اکستر ، کارل وولف و همسرش متهم شده است .,his wife,همسرش,['همسرش'],17,17,85,90
,,,,The 11-person council has vowed to fight to stay in power .,شورای ۱۱ نفره تصمیم گرفته تا برای باقی ماندن در قدرت مبارزه کند .,The 11-person council,شورای ۱۱ نفره,"['شورای', '۱۱', 'نفره']",0,2,0,13
,,,,The 11-person council has vowed to fight to stay in power .,شورای ۱۱ نفره تصمیم گرفته تا برای باقی ماندن در قدرت مبارزه کند .,stay in power,باقی ماندن در قدرت,"['باقی', 'ماندن', 'در', 'قدرت']",7,10,34,52
,,,,"Protesters in Sanaa , Yemen , took to the streets Sunday in an act of solidarity with protesters in Tunisia whose actions led to the president of that country fleeing .",معترضان در صنعا ، یمن روز یکشنبه در تظاهراتی با تظاهرکنندگان تونس که اقداماتشان منجر به فرار رئیس جمهور آن کشور شد ، به خیابان ها ریختند .,the president,رئیس جمهور,"['رئیس', 'جمهور']",17,18,93,103
,,,,"&quot; The opening of the trial of the former dictator conforms with the aspirations of the Tunisian people to justice , but the importance of this trial demanded that all conditions for a right to a fair rial should have been met first , &quot; the groups said .",گروه ها گفتند : ' شروع محاکمه دیکتاتور سابق با آرمان های مردم تونس برای عدالت مطابقت دارد ، اما اهمیت این محاکمه مستلزم آن است که همه شرایط برای حق داشتن یک ریال منصفانه پیش از هر چیز برآورده شود .,the former dictator,دیکتاتور سابق,"['دیکتاتور', 'سابق']",7,8,30,43
,,,,"&quot; The opening of the trial of the former dictator conforms with the aspirations of the Tunisian people to justice , but the importance of this trial demanded that all conditions for a right to a fair rial should have been met first , &quot; the groups said .",گروه ها گفتند : ' شروع محاکمه دیکتاتور سابق با آرمان های مردم تونس برای عدالت مطابقت دارد ، اما اهمیت این محاکمه مستلزم آن است که همه شرایط برای حق داشتن یک ریال منصفانه پیش از هر چیز برآورده شود .,the groups,گروه ها,"['گروه', 'ها']",0,1,0,7
,,,,"The trial , one of three that are underway against Mursi , is part of a relentless government crackdown targeting him and his Muslim Brotherhood movement since his ouster by the army in July .",محاکمه یکی از سه حکمی است که علیه معاصران در حال انجام است و بخشی از سرکوب بی رحمانه دولت است که او و جنبش اخوان المسلمین را از زمان برکناری وی در ماه ژوئیه توسط ارتش مورد هدف قرار داده است .,his Muslim Brotherhood movement,جنبش اخوان المسلمین,"['جنبش', 'اخوان', 'المسلمین']",24,26,102,121
,,,,"The trial , one of three that are underway against Mursi , is part of a relentless government crackdown targeting him and his Muslim Brotherhood movement since his ouster by the army in July .",محاکمه یکی از سه حکمی است که علیه معاصران در حال انجام است و بخشی از سرکوب بی رحمانه دولت است که او و جنبش اخوان المسلمین را از زمان برکناری وی در ماه ژوئیه توسط ارتش مورد هدف قرار داده است .,the army,ارتش,['ارتش'],36,36,162,166
